,mean_similarity,manningnlp8,winstonai1,mattuckdifeq3,strangmeng5,strangLA8,demainedata2,rigolletstats11,leighton18csprob,devadasalgos7,devadasalgos2,winstonai10,leighton7graphmatch,leighton25rwalks,jerisoncalc21,demainedata14,rigolletstats19,jerisoncalc2,devadasalgos6,rigolletstats17,strangmeng3,leighton14dandcs,strangmeng4,jerisoncalc5,demainedata8,strangLA3,winstonai3,winstonai2,jerisoncalc3,strangLA10,leighton12cssums,jerisoncalc24,mattuckdifeq1,manningnlp2,winstonai7,aurouxmcalc5,strangLA4,rigolletstats1,manningnlp10,strangLA5,jerisoncalc1,rigolletstats8,demainedata15,jerisonmillercalc4,rigolletstat2,mattuckdifeq5,strangmeng10,rigolletstats5,leighton15linearcs,mattuckdifeq4,leighton21expect,demainedata1,strangmeng6,leighton19cprobcs,sochernlp5,strangLA9,mattuckdifeq8,leighton20indcs,winstonai4,leighton13sumsasym,strangLA1,rigolletstats3,devadasalgos5,mattuckdifeq9,devadasalgos4,rigolletstats21,jerisoncalc10,mattuckdifeq7,sochernlp3,strangLA2
manningnlp8,0.08044116827539284,1.0000000000000007,-0.03390271775494047,-0.09558899117501385,0.10117212704756795,-0.10810649147825524,-0.027165563600595345,0.06267781807049655,-0.016194879898451434,0.0909432783924192,0.10320831245064853,-0.02554672860132496,-0.03815673216007204,0.0727984827219553,0.06625209975277258,0.13158734998696303,0.13511044991353666,0.20190159869224203,0.04465746600100117,0.09545254673751116,0.07988393718278433,0.15089880610608353,0.0826749236312085,0.015271477260926616,0.08074291640497162,-0.029852347677320923,-0.04160451972124369,0.1119819137611828,0.08038593061101568,-0.07112955666919402,0.03702448143104622,0.025796242605388348,-0.10328640443755041,0.30435888459508215,0.0919727242139089,0.15545136182916783,-0.09338479828710207,0.10806023590587513,0.3428637215835346,-0.04742532078251452,0.14014372514214327,-0.025415726909643985,0.16261166422794024,0.07449155058692171,0.019732193272186324,-0.004954213936010585,0.09109619764006528,0.017895708197521534,-0.013291370029938958,0.0747716060432644,0.03397710823770618,0.01492939847611148,0.06069926234840836,0.17501574599629374,0.680271547053799,-0.041218856328672726,0.08083347255163537,0.03369927308024595,0.07329721036736181,0.046382735286535234,0.08710128443831058,0.03427314381611367,0.06561459306137175,-0.0007048730412223082,0.043488454907818844,-0.029893142455250595,0.05465353103951426,-5.240084380348614e-05,0.5545707964366914,0.004636957692974828
winstonai1,0.16427448402849198,-0.03390271775494047,1.0000000000000009,0.11145674453417095,0.0933329355156496,0.16527442676033804,0.18638076700326636,0.0673827989470587,0.28679049837104575,0.2039571005822228,0.19019619819219913,0.40938284005160225,0.05377625451173169,0.07977388330570798,0.3003142582516317,0.08140569832928465,-0.023147815928076708,0.1616431713044034,0.11653321224149091,0.11590954007181442,0.1523488215970526,0.11609693020045816,0.0454751496332793,0.11409812627716946,0.09155769846430122,0.14320335749661178,0.5116855815266013,0.5059198044424194,0.19289984234332766,0.12467497037905564,0.1157143202826609,0.14118437443122317,0.17412373307084045,0.09522291194797164,0.5725221342179748,0.024927657818076633,0.08381808719998335,0.08337509087976648,0.24719292356036998,-0.002186334507620782,0.16859884362709218,0.18319040540425013,0.05171493223587575,0.13812921995481958,0.027947548170248183,0.15426137782082855,0.04566614468041614,0.09318996041615754,0.07689440172886015,0.17891269446669672,0.13926308425004644,-0.01904611203990146,0.11915060270049967,0.22893291586171724,0.007913793306977501,0.22957434411351174,0.1283813745371188,0.24961076208663588,0.43138488242152057,0.2345666255752767,0.2038425100831764,0.06828661500645603,0.11345794201802065,0.020314824440011557,0.20887606234327302,0.16907542810994594,0.17600324431785047,0.1988467557105846,0.015378466970859882,0.19230477209499283
mattuckdifeq3,0.1718915823379847,-0.09558899117501385,0.11145674453417095,1.0000000000000004,0.015164137921953248,0.05284860605817251,0.15777208641686544,0.10140056178468389,0.11427434520790594,-0.03551246185745202,0.09034583342439174,0.16197839001059355,0.2173329718539372,0.010415859799718484,0.25277407628746107,0.07487921787422104,-0.041588102071168837,0.17937822415025917,0.09661029729178207,0.10713125467434473,0.09057346770977034,0.2332957831793613,0.1757237540000199,0.348120564177907,-0.04636616874029243,0.1417113316375549,0.1559038613594938,0.09257439336296122,0.14857245233357105,0.004550005101933147,0.08971659611877764,0.09452381048442453,0.5010956722068882,0.07886275532341687,0.12055376521022748,0.2226274240885246,0.17819659852872988,0.011336439049767248,0.10225407702513171,0.1397869315727405,0.2843327054905678,0.03771111034377957,0.1525282193948378,0.43345600549892244,-0.021840140952794282,0.592930911942855,0.23997052591662313,0.1767566262087192,0.13484969548555786,0.6451267817003088,0.06262942085926566,0.2646284113784788,0.055651921004316256,0.1294255640412423,-0.06320735900073667,0.02580744522459208,0.6942051310996331,0.11105886971018822,0.034535928622566464,0.19010342440420985,0.1133160741831208,0.15009816111656393,0.16934832958630547,0.672614818566909,-0.051722227895684036,0.17095861482662622,0.28913227649485146,0.62273582632499,-0.04779408873265832,0.13648363255905216
strangmeng5,0.15740018898039235,0.10117212704756795,0.0933329355156496,0.015164137921953248,1.0000000000000002,0.3123253925702024,-0.03885120081963162,0.07065641804646584,0.12777909207045896,0.04168216001321599,0.05553131631314805,0.16564859461519066,-0.032078492361893654,0.14746640504432132,0.13748196712831787,-0.11066159037472832,0.16612841883871682,0.11692317453292086,0.018560052199066538,0.08277184090884211,0.6448216619027465,0.1240689997181968,0.6508274901887786,0.16755047135968915,-0.05611231943306741,0.5029245463814241,-0.0014147156379503542,0.14495636605561227,0.07496550763893478,0.2629610699349286,0.28470814769393527,0.13915007622169073,0.08467256282133144,-0.0182475392037286,0.06941211284707267,0.034688284089777054,0.40537286534129574,-0.022934119893469915,0.08778081735376808,0.37477339181009,0.011260443972975901,0.0020258432094671084,0.005594024348788024,0.2503859037523365,0.15042534350837058,0.2389898388281063,0.5426066937633414,0.021384737392201356,0.1368822522709849,0.14638638551719646,0.024626435393530825,-0.06432080342357402,0.7567645039554438,0.08453034788695372,-0.021726719387737976,0.29235764943681947,0.1676131514154552,0.08545166474592883,0.2104826318595412,-0.021700524823343607,0.4015127067701525,-0.051008874430336235,0.024770655361801647,0.24225881289936613,0.024086165401998677,-0.055264861466314055,0.07825837172172258,0.21221105464256423,0.08982742063113558,0.4479833580913565
strangLA8,0.14927280176412447,-0.10810649147825524,0.16527442676033804,0.05284860605817251,0.3123253925702024,1.0000000000000002,0.035958760482424496,0.032166764389991324,0.13084804751389967,0.09093423096830032,0.061910473712584214,0.12348056086370092,0.037700497439748085,0.1543736857698425,0.023341666779140166,0.15828762909176508,0.09627300462968467,0.047691254679518166,0.02052409426776667,0.15752197957590933,0.40313004370543554,-0.015234721780642285,0.3362806247045393,-0.05440055119992813,0.013324079089207607,0.5513233637290575,0.21085144794997576,0.004982969148521247,-0.10139214524963822,0.6766962639494742,0.19555134833070006,-0.05821779975864294,0.11091595465927019,0.01034164274905957,0.14347053514013958,0.17545021055198182,0.44451517071251806,0.08465981051787154,0.012546713520783412,0.4632643611889658,-0.037278862966510944,0.034107989829935556,0.048795687725536434,0.02367686988862376,0.10545532234806113,0.05017679789919738,0.18506334570221175,0.2028175116248134,0.3052409086877456,0.12831483705130386,0.09525133182846525,0.04237498838588527,0.1714546438161257,0.015712539666402722,-0.08452219666870261,0.7145451174196336,0.005226836927496172,0.15271431421091813,0.07246876562720694,0.06558198841064701,0.6632792228298425,0.18316464474453006,0.1428331875943884,0.15653809957909678,0.07990068239028922,0.08898781404524134,0.0839548049956311,-0.012500010132567418,-0.09102882982386712,0.5061010623536262
demainedata2,0.11497366925184467,-0.027165563600595345,0.18638076700326636,0.15777208641686544,-0.03885120081963162,0.035958760482424496,1.0000000000000002,0.13789937012273076,0.018432978570185696,0.36118887722674864,0.2981399140436687,0.046295706083011055,0.17960200685876174,0.10570781916759882,0.09157415261512115,0.4134026160611982,0.21826059100844278,-0.0988496838858548,0.4900214327472421,0.04215447430595424,-0.009013415429516254,0.2604522467294914,-0.07446571915855509,0.08455963021924369,0.5372574789336109,0.03568839640127288,0.121522455651137,0.09552258290651093,0.026079656585703836,-0.011305036686966924,0.04969752438477337,0.12246502925832962,0.027656542002473597,-0.01952997462327896,0.23372591751597788,0.16337242504704017,-0.04887772518068666,-0.07206468749430163,0.09383767109328539,0.002119538197139089,-0.06428268030496047,0.007878344365584915,0.5097524700155369,-0.0647447047233358,0.06154775651900691,-0.059711888725768714,0.06327910835997284,-0.005124574070050163,0.07596160406589211,0.0710587498461102,0.0021879366766639585,0.6122392065203257,-0.0038043724228570817,-0.022041277823837104,0.058109845896482035,0.005970892337652361,0.07269872686897642,0.13893661650286784,0.1991546704229117,0.0628583375977886,0.016779903718296588,0.03975215092132945,0.37381040648274877,-0.03068933716970361,0.133176909081156,0.25014197834076846,0.12215375245034651,0.1514926566735658,-0.06617130232366412,-0.015814348482346474
rigolletstats11,0.1153137225606786,0.06267781807049655,0.0673827989470587,0.10140056178468389,0.07065641804646584,0.032166764389991324,0.13789937012273076,1.0,-0.0625853781401811,0.1946615647339965,0.10919072105475704,0.0761205198391731,0.16213919622294895,0.053112841601326906,0.081969876938228,0.060966529813337965,0.46892404051684256,0.05141747383360798,0.06913227862797888,0.43502263179097117,0.025635305645373675,0.3134590968127883,0.08158036486762732,-0.08375178436394788,0.05266458372406121,-0.04616809203940258,0.0653739770450499,0.016832357623564442,0.0884938940651073,-0.14947645625017505,0.06618474908546519,0.08983672787315829,0.03422904111683896,0.04054712235657249,0.2042226891343918,0.15959589625841086,0.015196152116508498,0.39718043883039783,0.20162557423905123,-0.04753091668526233,0.044880585616678355,0.528900966538669,-0.03973807635255657,0.2351196145887428,0.4385818062305198,0.04574172676114753,0.01341942238794841,0.34809585608123284,0.043738081922534276,0.007305235108579735,0.12681396462945763,0.12063115273391585,0.04723036361928212,0.10754121301565746,0.03954736541107371,-0.001184222727596609,-0.0939800090218342,0.024928358974248423,-0.024012318977769086,0.14019230838862431,-0.11992581864284536,0.4155190813890317,0.30468202122646115,-0.029286280513514763,0.16766131324853883,0.3282143197762513,0.13739876648708663,-0.09494595216555919,0.043511769156224886,-0.0479225078534024
leighton18csprob,0.1489893122775747,-0.016194879898451434,0.28679049837104575,0.11427434520790594,0.12777909207045896,0.13084804751389967,0.018432978570185696,-0.0625853781401811,1.0,0.22781613547267013,0.06850893545039737,0.15456395700663314,0.2234038981544103,0.21870781320284932,0.06898349456943983,0.1342073720213228,0.0879147425473148,0.15160258496487178,0.06073406101590862,0.013604012289186502,0.009061296954866098,0.24212858103047427,0.15239803461065782,0.028006407669071993,0.10077205318892901,0.1374393846948239,0.11680398018157105,0.11999954202107967,0.010240712543179539,0.06654117502176084,0.2992118198513784,0.2162735266138421,0.2782306074990358,0.03025395687765344,0.1310746388879592,-0.005316608201912467,0.038856528422761195,0.14545165758620432,0.13635008094651888,0.06918957452450918,0.0871198628478173,0.027412512826746862,0.015941212672189096,-0.036082968958513234,0.1503511486365391,0.02406841491006914,0.022218935114966913,0.10998246086720054,0.23689476566209278,0.000980107678339797,0.3782122161217583,0.08372385892099095,0.04809207656548055,0.6168439832821262,0.08027746272423673,0.11869032865891685,0.10313586142467633,0.3998029325878329,0.2630497942169293,0.35237920978048026,0.2557837034102726,0.15240775103589768,0.30439417746835934,0.2216898292121559,0.2632954965463205,0.10540660635393899,0.22058360453167697,0.14479427427140637,0.010139430048124978,0.1863148364193906
devadasalgos7,0.13690462834095848,0.0909432783924192,0.2039571005822228,-0.03551246185745202,0.04168216001321599,0.09093423096830032,0.36118887722674864,0.1946615647339965,0.22781613547267013,1.0000000000000002,0.4597832781354422,0.01013435717800926,0.021214862948461703,0.10098437141222096,0.1402325372577207,0.5232536020299495,0.11719865683451709,0.04253336619012885,0.4797309190269992,0.04763512932588511,0.15683966989499074,0.27227383758290874,0.1321531866777418,-0.13569067262195486,0.4132993066099365,0.038737597063017444,0.11140878468385469,0.14290149026255677,-0.007156057405498145,-0.016852562562233424,0.1536893917791698,0.08739937208702828,0.008927591449895859,0.14635074567831471,0.10970284282515376,-0.03455252403650018,0.12729842497378077,0.06329015019146042,0.09529624802981294,0.049721635016161024,-0.022636703212894526,0.10728257089834409,0.36781806630412417,-0.0058235458373489596,0.14505958149960332,-0.019085995393038426,0.08136209372217051,0.08483646501046781,0.17417769754771487,-3.6500673084479834e-05,0.056598201559345244,0.3999542526759208,0.025619463491357644,0.112681534152661,0.14632484718712788,0.07212174606721343,-0.0014002770895766752,0.002481738921331872,0.213846829504183,0.1954370513097374,0.11515503166995104,0.11049515118732278,0.28958551153404843,-0.056960123140618386,0.33067748586190077,0.13763033090837104,0.014035494378599425,0.02573416642761432,0.13335850147212092,0.17667826353040997
devadasalgos2,0.13698508382544464,0.10320831245064853,0.19019619819219913,0.09034583342439174,0.05553131631314805,0.061910473712584214,0.2981399140436687,0.10919072105475704,0.06850893545039737,0.4597832781354422,1.0000000000000007,0.17648433799278962,0.07909249604368536,0.020195837845555068,0.12594951773628768,0.2989535845383065,0.14155059552505908,0.09310068335142518,0.411653781416233,0.014581498983734228,0.15806253807050608,0.1744282251375014,0.1363799539534753,-0.0253617798390631,0.23064888782429252,0.13207114338499046,-0.03814420287916351,-0.002445824319380554,0.01579625561152492,0.09454654523477864,-0.006469399847309589,0.0720551126867726,0.12132140301117474,0.23467302769969162,0.06143893540264554,0.12382390447470112,0.1838661909171913,0.06828602449720689,0.07771812273634048,0.16361828190218083,0.006892537629545998,0.009252803378764182,0.3377565277860978,0.15249995056235346,0.032357575095341894,0.11138313097502807,0.035875006294673085,0.0356230003730951,0.10959275923495267,0.11224827260901626,0.1136703544315258,0.38077677834212353,0.05142480218883652,0.05469677680140303,0.12881276509733772,0.1841104189809349,0.04411224840038685,0.09475423630378012,0.06535159206242351,0.1416376805152349,0.20180815785850711,0.15330461296827885,0.29342322591817765,-0.052876930995518025,0.23136793280821988,0.11204178258642448,0.03914342352363695,0.10656944185124403,0.1807027405494743,0.20896651795400828
winstonai10,0.152805011652519,-0.02554672860132496,0.40938284005160225,0.16197839001059355,0.16564859461519066,0.12348056086370092,0.046295706083011055,0.0761205198391731,0.15456395700663314,0.01013435717800926,0.17648433799278962,1.0000000000000004,0.06848038868757737,-0.05986086036583673,0.2181068641900212,0.051674814958211406,0.09689701910523849,0.16404846433257567,0.019586271853093456,0.07182920027957132,0.0957607040236508,0.13584144497697703,0.19705735056187673,0.17829119268166682,-0.13141229950740657,-0.028928085965882137,0.27238148207965956,0.39133931142427253,0.19200651613389577,0.0815428490103846,0.19171536756595253,0.25794705940436813,0.21021379397615161,0.21762148630631178,0.2985066075145329,0.14128011060081982,0.07905697867321569,0.18512844602161016,0.1870930626003109,0.13728663861297086,0.253154520913005,0.08263872186776522,0.07723914540219291,0.3222795405120894,-0.00985000159446564,0.217749878956338,0.15515647382419823,0.0940673499030281,0.21528633331937966,0.24315381458665852,0.15164585299410566,0.04776853103379958,0.1280537613580482,0.18235484671090613,0.09038407844615266,0.20446936808859958,0.22846101688474776,0.07158802279316602,0.18487616498422363,0.15023243881324796,0.0964617909593613,0.13388564301090755,0.13649808003278704,0.0775586748457837,0.04159233026149786,0.1352651846975513,0.28731393827071433,0.07123173205746615,0.18490061942458433,0.0690932358908
leighton7graphmatch,0.10936457448173917,-0.03815673216007204,0.05377625451173169,0.2173329718539372,-0.032078492361893654,0.037700497439748085,0.17960200685876174,0.16213919622294895,0.2234038981544103,0.021214862948461703,0.07909249604368536,0.06848038868757737,1.0000000000000007,0.14626016913535536,0.03887959931520361,0.09256010866713614,0.07448326190600046,-0.0505627460308171,0.21004221435047007,0.09503485861904797,-0.00843618887719437,0.36951281006429804,0.07930908099216222,0.11439903352740426,0.2118330394202505,0.1722557628798631,0.10842941276985552,0.18255943187603424,-0.0021403690463412703,0.10174645468568198,0.08404663429051226,0.0041054552736920595,0.16412079380300207,0.12535007723376607,0.23995574613069834,0.035292387130709965,0.1470425545857585,-0.01965238395542762,0.08506800924942574,0.10337435315479063,0.021216684629066552,0.06368127888865367,0.09656295722341399,0.052842497019847924,0.059448581381683484,0.04230736926796589,-0.08928172503680859,-0.018739212889785643,0.17765668891362424,0.03802413629693332,0.2523928228768307,0.2835851164632572,-0.03400245409506643,0.2176800571540045,0.009545435558390271,0.17064453787577766,0.02660764375762575,0.19079063347254824,0.15006694066064993,0.333245621844199,-0.08153837066299066,0.10804217873549915,0.08122804141552245,0.12360437262345526,0.17749170165024591,0.15436542546578647,0.029996581955608368,0.008281754081675287,-0.04379924414727272,0.0668306775090257
leighton25rwalks,0.11375734681656433,0.0727984827219553,0.07977388330570798,0.010415859799718484,0.14746640504432132,0.1543736857698425,0.10570781916759882,0.053112841601326906,0.21870781320284932,0.10098437141222096,0.020195837845555068,-0.05986086036583673,0.14626016913535536,1.0000000000000004,-0.013112513912762956,-0.004433908103815216,-0.0070904140085346675,0.1182767702063289,0.08872879170065111,0.12575950174425599,0.08260602860839175,0.43719905260902925,0.04632992371805894,0.09623769051573311,0.07904012586544476,0.07889407387747474,0.20332695964522396,0.09371613690621278,0.04923201351898775,0.1654362619230068,0.3501465215474971,-0.015414291341193948,0.08562482603765371,-0.05948035847929218,0.16312943095006144,0.04202305339210763,-0.04194172135844666,0.14415563950203458,-0.04140603945994483,-0.08631836953838573,-0.0011051908133285658,-0.001968675140241663,0.007565482823041177,0.12080976699497833,0.174262691443887,0.1112500757399807,0.16658707901537506,0.06529447210373827,0.41413829774502703,-0.028693432115739666,0.4320543867518725,0.007754822021662663,0.1394504520145208,0.36204488884822267,0.07816189833570941,0.03234679135753706,0.02541619037347021,0.40231276168529473,0.126655677378993,0.29788091984864296,0.023409946301516667,0.0321201088327336,0.08434606184624464,0.2494005363710554,0.1269358582016108,0.007325874288896267,-0.05463050089183536,0.16078256527439566,-0.003458500412382705,0.06020412941166615
jerisoncalc21,0.17946934809754392,0.06625209975277258,0.3003142582516317,0.25277407628746107,0.13748196712831787,0.023341666779140166,0.09157415261512115,0.081969876938228,0.06898349456943983,0.1402325372577207,0.12594951773628768,0.2181068641900212,0.03887959931520361,-0.013112513912762956,1.0000000000000002,0.14575815746638543,0.003031573801755464,0.46996581796959996,0.15100330118838745,0.2270234227322451,0.24843760804230877,0.12381155430401805,0.319436248891297,0.5729624071181236,-0.04385023860931618,0.05787270482923865,0.23300459863483997,0.2084252417139204,0.3370924353368709,-0.05747442543354473,0.20865175763763288,0.5866808097261127,0.2975074239702312,0.05941703192982619,0.21025776092511747,0.2180279649808158,0.2555496588139129,0.14554558749929183,0.031280416431224686,0.07731481672356483,0.44638254863527493,0.19090930453144556,0.17244844224488057,0.2806847732804874,0.12210290539944171,0.1794614639988965,0.24533738283720502,0.07237590870402576,0.06465990160529479,0.3448055892232346,0.0541463392886483,-0.04675171053046512,0.11129452761235407,0.157149060107517,0.0791993735270407,0.09037919554749098,0.16479546995397623,0.08823087847113434,0.11734243864161852,0.0384083766448697,0.1879937276727242,0.10914321988041202,0.13916137636098733,0.15968949110224695,0.14977275148902197,0.11418182080288014,0.5717404073830422,0.22680574534842504,-0.0841070877532046,0.21616016318717973
demainedata14,0.12469781669283662,0.13158734998696303,0.08140569832928465,0.07487921787422104,-0.11066159037472832,0.15828762909176508,0.4134026160611982,0.060966529813337965,0.1342073720213228,0.5232536020299495,0.2989535845383065,0.051674814958211406,0.09256010866713614,-0.004433908103815216,0.14575815746638543,1.0000000000000004,0.06466791519130298,-0.10386977991682664,0.3482195539802257,0.003784368696760926,0.04208226097455594,0.21561138904855634,0.0563237019601176,-0.08673047758977549,0.43833924980699357,0.11312697030704516,0.21436724968948984,0.031081459870294925,0.1492966370190437,0.07639509229431793,0.03420757691269312,0.0396568072570522,0.004747623855999118,0.16879047364582356,0.08708885959100844,0.14331391530062326,0.1288944553066583,-0.025467082877319785,0.024071597142498926,-0.025159410131539557,0.03242425108344532,0.03475722105807389,0.5754645517436422,0.0346117274642675,0.06735961270890733,-0.020181707730925504,0.04300579487942896,0.03908055585818373,0.15005742417832957,0.14290379523951036,0.0029206530963879814,0.400208398770527,-0.014269846961145662,0.15667650620802706,0.04732536250527822,0.11778803628595097,0.0632804553445739,0.04654079836517578,0.08981646401111108,0.1540498304050325,0.07776578746268452,0.023766960613717962,0.25349752345419374,0.04840293447849329,0.4025280117668567,0.04669290714357604,0.10213557440861053,0.09468372529499273,0.03909120781504887,0.15708324515863306
rigolletstats19,0.12248582405658942,0.13511044991353666,-0.023147815928076708,-0.041588102071168837,0.16612841883871682,0.09627300462968467,0.21826059100844278,0.46892404051684256,0.0879147425473148,0.11719865683451709,0.14155059552505908,0.09689701910523849,0.07448326190600046,-0.0070904140085346675,0.003031573801755464,0.06466791519130298,1.0000000000000007,0.03760422366804283,0.1610744229557826,0.32571438987437495,0.1589418700152168,0.06947247031561457,0.07524405978398692,-0.0257502622864235,0.19071114225292932,0.10024411935249543,-0.026795983177758265,0.011838719914979123,0.11571325376202056,0.021788713950192082,0.07328138771410825,0.10965671195587512,0.057419872070847,0.08616623500686206,0.11080003768045649,0.12822632768355943,0.11931041473113474,0.4185919333488197,0.10968939786373312,0.12228297860040827,0.059273415558532126,0.18579381550235452,0.1536446203465964,0.10869451872529033,0.32784151592317606,0.016523017127329197,0.051538365702158105,0.43310329084774973,-0.015427765034384599,-0.017697148786818995,0.05797767562684466,0.18919021378676135,0.2598297799897983,0.03352590013662011,0.10236202997693303,0.1553139125328665,-0.09604275414820038,0.007337466518147814,0.0273015067118231,-0.000980083303039987,0.21842764061024925,0.2948453754295394,0.237806529261419,-0.048552798000017536,0.09644810545524199,0.30634255334207766,0.06895922876899785,-0.13113863622307217,0.16491826672995505,0.05452192594185299
jerisoncalc2,0.16860234048974254,0.20190159869224203,0.1616431713044034,0.17937822415025917,0.11692317453292086,0.047691254679518166,-0.0988496838858548,0.05141747383360798,0.15160258496487178,0.04253336619012885,0.09310068335142518,0.16404846433257567,-0.0505627460308171,0.1182767702063289,0.46996581796959996,-0.10386977991682664,0.03760422366804283,1.0000000000000002,0.2115081114921676,-0.010080968109853539,0.21915680583732122,0.09816913226126085,0.3158004625120987,0.5305502844006351,-0.09805106781033698,-0.0008896473043105717,0.1352103951684213,0.16329606713648448,0.394798057833407,0.010842620092123298,0.3349122488079841,0.3449468015946587,0.25803641596078913,0.13838117713176754,0.06957091874141157,0.31909398486032164,0.10743228360843683,0.23881159353274367,0.22077442057227353,0.0881652997883996,0.5675690155211388,0.05639692166063598,0.00184276917733385,0.44351775301027946,0.14583925460079986,0.220067717604313,0.22377451856267366,0.025768998705783513,0.18786547305707216,0.1217453715245552,0.1456694214697785,-0.13858930615888782,0.09474454089155532,0.2037305422804983,0.08344567481310003,0.022269039747384478,0.2050719828710147,0.09273080343041183,0.14896609959527482,0.15965843691270382,0.1820051434679733,0.054979471584021,0.28358453808897055,0.23662731266865045,0.14374866701881578,0.03947951123889075,0.4957043074413005,0.17215550266782373,0.09041647272359525,0.24953554146414214
devadasalgos6,0.1459671479292277,0.04465746600100117,0.11653321224149091,0.09661029729178207,0.018560052199066538,0.02052409426776667,0.4900214327472421,0.06913227862797888,0.06073406101590862,0.4797309190269992,0.411653781416233,0.019586271853093456,0.21004221435047007,0.08872879170065111,0.15100330118838745,0.3482195539802257,0.1610744229557826,0.2115081114921676,0.9999999999999997,-0.010548037631104144,0.16704965028731705,0.32443779359642727,0.06237189008154472,0.10756242592621856,0.36853132749254397,-0.002468857474087203,0.03436945208188978,0.017351339304946676,0.10071454515905293,0.11993736576772625,0.20606492883783764,-0.0033575807875262354,0.057011558734015505,-0.06570810078779565,0.14084916766368707,0.06904085533552207,0.10785026341202435,0.10264573555681406,0.013333583074370887,0.17654397126891097,0.1090735050478971,0.16253374206807392,0.43671665346260186,0.01644903827373295,0.08229737264064801,0.046020691582283564,-0.038717557778257236,0.029953537220105797,0.2827833045461187,0.02246063618784172,-0.002139966578945963,0.4144031216473343,0.054918429837973765,0.07993010798661784,0.07567270414466998,0.05651252394719565,0.15304842055767143,0.16019458813358245,0.19843904783397454,0.0980028876969786,0.11374148826776613,0.07734093396848471,0.48329270639492317,-0.07273162698698506,0.44386575606471895,0.21717166512725666,0.07967312113123068,0.036704888583926946,0.01396110277307784,0.14825684407762718
rigolletstats17,0.13413867464469267,0.09545254673751116,0.11590954007181442,0.10713125467434473,0.08277184090884211,0.15752197957590933,0.04215447430595424,0.43502263179097117,0.013604012289186502,0.04763512932588511,0.014581498983734228,0.07182920027957132,0.09503485861904797,0.12575950174425599,0.2270234227322451,0.003784368696760926,0.32571438987437495,-0.010080968109853539,-0.010548037631104144,1.0000000000000004,0.020719153703367837,0.07279809548162161,0.1530610760978624,0.013454024354845752,0.16194349819850137,-0.004110370403040301,0.052812491384344934,0.2829661145102407,0.14570467542359658,0.012717216451107244,0.06996583526161888,0.18300758480601192,0.08975805916041876,0.059376475319370604,0.1892206658766523,0.12907336325435492,0.05389849551636454,0.37134760528521005,0.10765498359869316,0.1244315179697414,0.008727729817712315,0.4790266960268425,-0.025553332796034205,0.05013523915667038,0.35565725542126925,0.14218268479156154,0.1477018601230055,0.5282042716593495,-0.05464101742275879,0.14161588600824324,0.01881389200368412,0.10346677416710164,0.1520063807379753,0.14748475972303107,0.08709697238005247,0.09696446132191576,0.13315506579442815,0.0537602953039067,0.08439854070432172,0.05731663998968827,0.10131012557733235,0.5028967128495809,0.024718284005191993,0.025604034352331623,0.0595305084317356,0.5348787607502935,0.11967196309700315,0.06420236635922863,-0.06249285140230338,-0.052374614568903806
strangmeng3,0.17706890103961126,0.07988393718278433,0.1523488215970526,0.09057346770977034,0.6448216619027465,0.40313004370543554,-0.009013415429516254,0.025635305645373675,0.009061296954866098,0.15683966989499074,0.15806253807050608,0.0957607040236508,-0.00843618887719437,0.08260602860839175,0.24843760804230877,0.04208226097455594,0.1589418700152168,0.21915680583732122,0.16704965028731705,0.020719153703367837,1.0000000000000002,0.12532944518470907,0.5594452263335681,0.15190476852891358,-0.0706742664966504,0.5898487911488554,0.22996973680744537,-0.0033298101435620714,0.07481285065661716,0.3785451441203177,0.2883630048354735,0.150668878919195,0.06989815228410444,0.18621062326455376,0.054740724376678596,-0.10789356392124373,0.7284927756517314,0.07265979717015912,0.1282483254844648,0.5554106661503023,0.07448996142287423,0.06162668567076066,0.038435912133625114,0.3411418351551807,0.08352024024880068,0.14177886734229472,0.578087496323637,-0.06946022015685929,0.15406495585244037,0.15601139002560438,-0.050766749700475115,-0.09701410427242925,0.5838905906612379,0.06062683379131842,-0.07405634410625175,0.2690349950202805,0.2673675729870567,0.0843697577048463,0.15934886540776913,0.061602541540178364,0.5127367983859018,-0.16922111945928536,-0.008459470994525512,0.19171317818573233,0.05247284086664781,-0.10403352461705236,0.1462942622962731,0.21077596513517113,0.03416089341526088,0.6269007752625846
leighton14dandcs,0.16293408747043808,0.15089880610608353,0.11609693020045816,0.2332957831793613,0.1240689997181968,-0.015234721780642285,0.2604522467294914,0.3134590968127883,0.24212858103047427,0.27227383758290874,0.1744282251375014,0.13584144497697703,0.36951281006429804,0.43719905260902925,0.12381155430401805,0.21561138904855634,0.06947247031561457,0.09816913226126085,0.32443779359642727,0.07279809548162161,0.12532944518470907,0.9999999999999999,0.1044140405419512,0.11444257368141464,0.12122116430130048,0.06877848290289879,0.11190034886874581,0.16535461299058615,0.12455935742406497,-0.0975144826618208,0.4036477359149166,0.04329657641385949,0.1196104889065824,0.05716817851498441,0.27850316787497975,-0.06772141068730066,0.007892742661900242,0.03234446708691054,0.13369831586971473,-0.0280818789074757,0.23930890133603172,0.1752508606191013,0.1696768303130184,0.36540782688795514,0.2207498171639796,0.18584079872239692,-0.03438519318130207,0.051997340274005044,0.45774081141641065,0.17791995130483168,0.2470192662478024,0.14759164091305468,0.0835587268366402,0.2520405504166075,0.05520382441991499,-0.03303883095727919,0.10883641458270235,0.24816866937890159,0.13170980077146124,0.4753279795009593,-0.06262892998707116,0.13571329846340302,0.2565490514348355,0.136980326041534,0.2106747936459378,0.029099736141017712,0.08067254747203358,0.14642205104729572,0.04939885322541048,-0.003921133248709838
strangmeng4,0.16738353478490156,0.0826749236312085,0.0454751496332793,0.1757237540000199,0.6508274901887786,0.3362806247045393,-0.07446571915855509,0.08158036486762732,0.15239803461065782,0.1321531866777418,0.1363799539534753,0.19705735056187673,0.07930908099216222,0.04632992371805894,0.319436248891297,0.0563237019601176,0.07524405978398692,0.3158004625120987,0.06237189008154472,0.1530610760978624,0.5594452263335681,0.1044140405419512,1.0000000000000004,0.15436554426765658,-0.10919267567024317,0.4183334821829617,0.06847628937957638,0.15225994714478652,0.058611879245520325,0.1367163410955363,0.24235331140216387,0.2543365465238065,0.24488575878778593,0.1266853955357027,-0.03757874834450896,0.19418818683409442,0.39581671141642183,0.10413130673216377,0.09005095981751626,0.3033131511525551,0.15811183366371706,0.058931735915675985,0.0221898726494728,0.24635229175467563,0.11923241343318024,0.033669884074846855,0.49162956168602107,0.03915285382080585,0.21031862743126756,0.1787160808019946,0.057354124202747665,0.01741974612093781,0.583174502702515,0.14686152130697355,-0.03768448732126294,0.24148705451696262,0.09705761080593914,-0.10909201132898098,0.16508068639346352,0.08490880916922114,0.43290822878006424,-0.0174143464493771,-0.020453515609246097,0.20379140956700356,-0.10817066712840491,0.044962251047625565,0.228538118690638,0.08245021799665445,0.011283153543384805,0.4011221258328952
jerisoncalc5,0.1606500529361992,0.015271477260926616,0.11409812627716946,0.348120564177907,0.16755047135968915,-0.05440055119992813,0.08455963021924369,-0.08375178436394788,0.028006407669071993,-0.13569067262195486,-0.0253617798390631,0.17829119268166682,0.11439903352740426,0.09623769051573311,0.5729624071181236,-0.08673047758977549,-0.0257502622864235,0.5305502844006351,0.10756242592621856,0.013454024354845752,0.15190476852891358,0.11444257368141464,0.15436554426765658,1.0000000000000002,0.04791125730554828,0.13530634269919975,0.21474135640119424,0.21702377453515195,0.4132978798735484,0.01551356142283006,0.3332810031749696,0.3433927420146776,0.2823056796046077,0.006847293225484752,0.115671174106194,0.37086181141638846,0.19497425140813307,0.07306902274518226,0.021194807722029675,0.024309755048640826,0.6593689342486697,0.06397123199300149,0.1720413314338689,0.3493267837605445,0.13975921051834422,0.2257474436314733,0.2842295428182727,0.012766588669812222,0.24813950597360415,0.3292237426614431,0.0002756981137990484,0.033830062288385726,0.14949637099804325,0.13845532627447163,-0.020955471493843098,-0.018464516283954797,0.23847425928276325,0.21375257594638705,0.10399540317764482,-0.009198793337682427,0.15073186181984563,0.11297069618733177,-0.018182583790363967,0.2612708431307615,0.06882086092148905,0.08469957163749568,0.45275750939021364,0.2872832921920596,-0.08958427310907212,0.2700578367736269
demainedata8,0.08396503406645707,0.08074291640497162,0.09155769846430122,-0.04636616874029243,-0.05611231943306741,0.013324079089207607,0.5372574789336109,0.05266458372406121,0.10077205318892901,0.4132993066099365,0.23064888782429252,-0.13141229950740657,0.2118330394202505,0.07904012586544476,-0.04385023860931618,0.43833924980699357,0.19071114225292932,-0.09805106781033698,0.36853132749254397,0.16194349819850137,-0.0706742664966504,0.12122116430130048,-0.10919267567024317,0.04791125730554828,1.0000000000000004,-0.04896242988159769,-0.018821343790016036,0.1299991683603054,0.10246107655026924,0.05782364469945066,-0.0538474593976781,-0.038012661728648756,-0.13645995379582226,-0.0006447686414711513,0.04482929645312942,0.06594898169494397,0.11788859286507325,-0.004539991032296262,0.014228085308143009,-0.07597732768292267,-0.0018052781063453735,0.043957261918689004,0.47542875049618577,-0.12293103628037598,-0.0438351713153688,-0.12337099416098125,0.061641153123953615,0.0983832983468713,0.047070470324688356,0.0019182925862460873,-0.04095550101657985,0.4954218313484723,-0.019233453776026657,-0.11459861041329655,0.10350009212818545,-0.04260945885469422,-0.025085571774368827,0.16069435767715684,0.09368763308588256,0.17936813924312808,0.0073141609299489894,0.042199519490146206,0.16690043604611265,-0.05281771509771397,0.30579747797011625,0.2602141275020311,0.1391589223685791,-0.0164124069215405,-0.016631568551150187,-0.008833490328784771
strangLA3,0.16075998566006228,-0.029852347677320923,0.14320335749661178,0.1417113316375549,0.5029245463814241,0.5513233637290575,0.03568839640127288,-0.04616809203940258,0.1374393846948239,0.038737597063017444,0.13207114338499046,-0.028928085965882137,0.1722557628798631,0.07889407387747474,0.05787270482923865,0.11312697030704516,0.10024411935249543,-0.0008896473043105717,-0.002468857474087203,-0.004110370403040301,0.5898487911488554,0.06877848290289879,0.4183334821829617,0.13530634269919975,-0.04896242988159769,1.0000000000000007,0.09245866008439199,0.003211531255989672,0.09721593162671877,0.5256657657942935,0.19719107731207658,0.04195860058109855,0.1730586320666559,0.1389599410732637,0.05857645859420731,0.06543158944845541,0.641169361262759,-0.07717320124779159,0.048105312916245,0.54717997873476,0.10786989705596566,-0.06809488938320574,0.03553104523565041,0.19701196204414037,0.09727611586927022,0.18769527136005726,0.3063771344570621,0.030971724258191485,0.045790073082854946,0.15766232329190608,0.06624645687692493,0.04097867476890261,0.4769047795886257,0.1572717075763913,0.0260582178569226,0.47711662536255633,0.15672884746748691,0.16836004096366836,-0.033755743814323245,0.1747584031381559,0.5858455627734647,-0.07735236768851046,-0.1249551685689495,0.16866221733423992,0.05298252468524553,-0.10887507968415505,0.07365741252618857,0.1686081423712418,0.1022541051752977,0.6334633348367613
winstonai3,0.1426958913718057,-0.04160451972124369,0.5116855815266013,0.1559038613594938,-0.0014147156379503542,0.21085144794997576,0.121522455651137,0.0653739770450499,0.11680398018157105,0.11140878468385469,-0.03814420287916351,0.27238148207965956,0.10842941276985552,0.20332695964522396,0.23300459863483997,0.21436724968948984,-0.026795983177758265,0.1352103951684213,0.03436945208188978,0.052812491384344934,0.22996973680744537,0.11190034886874581,0.06847628937957638,0.21474135640119424,-0.018821343790016036,0.09245866008439199,1.0000000000000009,0.4004173774951005,0.30124123581762574,0.17444845777706436,0.16031174846804372,0.2356424669045429,0.1622454579890836,-0.11108328182693766,0.41389074058361053,0.11511911908783136,0.12869228805273863,0.15462440492787474,-0.07224410587882127,0.0909161005826053,0.2962151701217204,0.1452079739460269,0.16783145949133477,0.1819741902379391,0.017693668580844587,0.0695024495286927,0.125295077684164,-0.040570985102924784,0.1796416055424847,0.12523801542018298,0.07999622591073684,0.07512362872266826,-0.00230375260773779,0.32125849404306206,-0.1099402363484326,0.17315935010999017,0.0378453880253268,0.1371173986323859,0.5866138948652111,0.18808157645505671,0.09216228136930767,0.027838373535971284,-0.016053822190058745,0.07533381539071693,0.06405179544709973,0.028619667151416586,0.2091353269854689,0.14752255572606165,-0.05339448308920043,0.22338063490208393
winstonai2,0.13973344354846526,0.1119819137611828,0.5059198044424194,0.09257439336296122,0.14495636605561227,0.004982969148521247,0.09552258290651093,0.016832357623564442,0.11999954202107967,0.14290149026255677,-0.002445824319380554,0.39133931142427253,0.18255943187603424,0.09371613690621278,0.2084252417139204,0.031081459870294925,0.011838719914979123,0.16329606713648448,0.017351339304946676,0.2829661145102407,-0.0033298101435620714,0.16535461299058615,0.15225994714478652,0.21702377453515195,0.1299991683603054,0.003211531255989672,0.4004173774951005,0.9999999999999998,0.15156516078506135,-0.06600466920601757,0.16090054739342402,0.15895870043425253,0.2951155381550034,0.13146825608619206,0.3313057035539973,0.14618335551892475,0.03315380405156902,0.1639970489841051,0.1898194976899918,-0.024009203164621386,0.21296935817677695,0.17926158123424668,0.054598369093569805,0.15442527853066215,0.06544462986735156,0.18968718442659582,0.04928310368854159,-0.0673030862481226,0.006038216578974214,0.23255878372265243,0.051106858225586894,0.1085556268602441,0.08191104982612024,0.06011052970183894,0.184008707941046,0.04025632088920344,0.07213942509784978,0.015818799230250324,0.46281851659419804,0.12891861563385185,0.00482836262599246,0.08501927710193652,0.04619974266340759,0.13604996705093125,0.1660113341270481,0.14882889046295955,0.06918868359003809,0.15639186365912716,0.09636475464137707,0.09692710000719128
jerisoncalc3,0.1482144663404364,0.08038593061101568,0.19289984234332766,0.14857245233357105,0.07496550763893478,-0.10139214524963822,0.026079656585703836,0.0884938940651073,0.010240712543179539,-0.007156057405498145,0.01579625561152492,0.19200651613389577,-0.0021403690463412703,0.04923201351898775,0.3370924353368709,0.1492966370190437,0.11571325376202056,0.394798057833407,0.10071454515905293,0.14570467542359658,0.07481285065661716,0.12455935742406497,0.058611879245520325,0.4132978798735484,0.10246107655026924,0.09721593162671877,0.30124123581762574,0.15156516078506135,1.0000000000000002,0.016361394306800357,0.2299423284803705,0.3549804812695522,0.05758558473380355,0.047955803448471904,0.10347867723420977,0.3669367836214549,0.04123005828646844,0.13762529817602184,0.059519911391717174,0.04090814015548712,0.6433432108768432,0.04312464772448287,-0.03508673621264908,0.36862714063778423,0.14109653264165387,0.2270872138781939,0.26804046668612447,0.03534907494125577,0.07691323143116631,0.19873751238308654,0.016298232782760404,0.05127290879580589,0.10694017445290299,0.2008844701399779,0.0843892359234295,0.0635580618014062,0.20106181677388255,-0.08449708404411099,0.14288173538187063,0.17380967269831235,0.033853283966622225,0.09640831326450197,-0.0041262348541232265,0.1032584075503212,0.2381366872341108,0.05236649304273475,0.560927626845959,0.17862952062364748,0.20695586147865142,0.044963051341959444
strangLA10,0.12709325331227903,-0.07112955666919402,0.12467497037905564,0.004550005101933147,0.2629610699349286,0.6766962639494742,-0.011305036686966924,-0.14947645625017505,0.06654117502176084,-0.016852562562233424,0.09454654523477864,0.0815428490103846,0.10174645468568198,0.1654362619230068,-0.05747442543354473,0.07639509229431793,0.021788713950192082,0.010842620092123298,0.11993736576772625,0.012717216451107244,0.3785451441203177,-0.0975144826618208,0.1367163410955363,0.01551356142283006,0.05782364469945066,0.5256657657942935,0.17444845777706436,-0.06600466920601757,0.016361394306800357,1.0000000000000002,0.2204764921363969,-0.053235088355994865,0.10950938905127733,-0.06213539456809325,0.10805218871228939,0.17544154058419031,0.43617754386493907,0.10461419991133863,-0.08616818680234982,0.5621239559200095,-0.055073606599718564,-0.042266207900515405,0.056782479597616155,0.10597330127310357,-0.007050148877494897,0.12125155457042855,0.2018069536462698,0.07194545941965616,0.2440769438629036,0.12758546964347842,0.19771401524744125,0.038972955654571644,0.16529952744372672,0.05464955833086338,-0.048895645650116885,0.7262199888810159,0.06659510135100362,0.1821678410941974,0.06410219107076746,0.11397412294651349,0.4801081707586059,0.06584652237042406,-0.04489058207494633,0.1282149329345688,0.024147838293539583,-0.041913751188994326,0.007024600339537386,-0.0032508498109001475,0.08127436438185369,0.5164910135410395
leighton12cssums,0.16515679845042497,0.03702448143104622,0.1157143202826609,0.08971659611877764,0.28470814769393527,0.19555134833070006,0.04969752438477337,0.06618474908546519,0.2992118198513784,0.1536893917791698,-0.006469399847309589,0.19171536756595253,0.08404663429051226,0.3501465215474971,0.20865175763763288,0.03420757691269312,0.07328138771410825,0.3349122488079841,0.20606492883783764,0.06996583526161888,0.2883630048354735,0.4036477359149166,0.24235331140216387,0.3332810031749696,-0.0538474593976781,0.19719107731207658,0.16031174846804372,0.16090054739342402,0.2299423284803705,0.2204764921363969,0.9999999999999998,0.0750164863731748,0.2458604041252336,-0.06852436985078748,0.021029930259903233,0.23193851274400878,0.07229931971734417,0.14922656154037486,0.15643038741238272,-0.02020595788568325,0.2716084832481541,0.14219016706832094,-0.03002672459694812,0.2525264717968962,0.14739311064520227,0.09120181372340817,0.1982956366057601,0.07342216818811421,0.46571915501655925,0.055603108463236295,0.3698201448986432,0.050648457949381165,0.1653599367319682,0.42195506099749897,-0.047285854142382816,0.11218465540770498,0.1372296186372464,0.2647453739013014,-0.059930536461658426,0.43879239544002324,0.19051233325917355,0.08161178363804834,0.06101097402822255,0.11430091494026494,0.14220089651734533,-0.008548079168363351,0.1649292245880645,0.14930544094600484,-0.015576679215191359,0.1109073381847826
jerisoncalc24,0.14472883395451772,0.025796242605388348,0.14118437443122317,0.09452381048442453,0.13915007622169073,-0.05821779975864294,0.12246502925832962,0.08983672787315829,0.2162735266138421,0.08739937208702828,0.0720551126867726,0.25794705940436813,0.0041054552736920595,-0.015414291341193948,0.5866808097261127,0.0396568072570522,0.10965671195587512,0.3449468015946587,-0.0033575807875262354,0.18300758480601192,0.150668878919195,0.04329657641385949,0.2543365465238065,0.3433927420146776,-0.038012661728648756,0.04195860058109855,0.2356424669045429,0.15895870043425253,0.3549804812695522,-0.053235088355994865,0.0750164863731748,0.9999999999999994,0.12416179811258585,-0.01774510791208537,0.0867821523350275,0.2394409509285864,0.18005651988850604,0.20547352566037555,0.03082676806859491,0.13518415645039028,0.39409395940194414,0.08987148787679271,0.13722533186970137,0.2448262135213859,0.14442094407360231,0.07355789172853641,0.17444763356060397,0.001370790240919796,0.027342570239547722,0.26929739843816103,0.1781113692306647,0.004039096360596146,0.11813093818312415,0.2674106117226936,0.04545490505536229,0.007561519753514688,0.11646964380290392,-0.0048783311225797195,0.11468976004075222,0.11095993227013216,0.015705606873576892,0.10490958910333882,0.11084713404321012,0.11896127773463436,0.04829547057565655,0.11731770463211112,0.6288247393237095,0.1846606967089358,0.11394481780451535,0.03953851653991327
mattuckdifeq1,0.15872392182074568,-0.10328640443755041,0.17412373307084045,0.5010956722068882,0.08467256282133144,0.11091595465927019,0.027656542002473597,0.03422904111683896,0.2782306074990358,0.008927591449895859,0.12132140301117474,0.21021379397615161,0.16412079380300207,0.08562482603765371,0.2975074239702312,0.004747623855999118,0.057419872070847,0.25803641596078913,0.057011558734015505,0.08975805916041876,0.06989815228410444,0.1196104889065824,0.24488575878778593,0.2823056796046077,-0.13645995379582226,0.1730586320666559,0.1622454579890836,0.2951155381550034,0.05758558473380355,0.10950938905127733,0.2458604041252336,0.12416179811258585,0.9999999999999999,0.1678129209343926,0.22257614411279994,0.36233955280937297,0.10576130042575271,0.022259783858260548,0.09457397672938861,0.19546571482711825,0.27434856917876793,0.1013141923280937,-0.06566730033263991,0.26563059475267004,-0.08328343662949904,0.43457841073568576,0.129148924164036,0.012054789932751936,0.21500115833350986,0.3231143051807943,0.22338449911422775,0.0601702146593197,0.09512424991017132,0.17410056517011663,-0.014672474719230175,0.1778242430430775,0.3481141161199439,0.007830621640192707,0.12258383392447487,0.13785603532914267,0.18470642465824474,0.07004915110300323,0.0924477211043434,0.47489490212381247,0.03704520154871588,0.09540067013395288,0.17349660621317237,0.42140773713185814,-0.16735564742649872,0.2504083325179467
manningnlp2,0.10933374213586174,0.30435888459508215,0.09522291194797164,0.07886275532341687,-0.0182475392037286,0.01034164274905957,-0.01952997462327896,0.04054712235657249,0.03025395687765344,0.14635074567831471,0.23467302769969162,0.21762148630631178,0.12535007723376607,-0.05948035847929218,0.05941703192982619,0.16879047364582356,0.08616623500686206,0.13838117713176754,-0.06570810078779565,0.059376475319370604,0.18621062326455376,0.05716817851498441,0.1266853955357027,0.006847293225484752,-0.0006447686414711513,0.1389599410732637,-0.11108328182693766,0.13146825608619206,0.047955803448471904,-0.06213539456809325,-0.06852436985078748,-0.01774510791208537,0.1678129209343926,1.0000000000000002,0.07835766619755215,0.12996562552025678,0.27501319355237425,0.029619483753114663,0.5507078668432395,0.1966803481972835,0.06266939266307066,0.007938038763575057,-0.0702237971699978,0.295147914308175,0.07508283780889911,0.17637423746795164,0.08810345105608873,0.07304456126423331,-0.06561234692266021,0.18381048000616387,0.010098880989478207,-0.005218239741133762,0.06918390979734872,-0.0011924484822104365,0.2656280755943597,0.023796234486836577,0.2032517559842651,-0.10811076891905823,0.1275419140218522,0.045144842434909786,0.1691182757649156,0.05469443147414917,0.01183132964668912,0.17660367717520614,0.08301774300456938,0.09834122066565404,0.0304317406763565,0.23881346498397932,0.4834076218876421,0.2452420726282624
winstonai7,0.1501907302943005,0.0919727242139089,0.5725221342179748,0.12055376521022748,0.06941211284707267,0.14347053514013958,0.23372591751597788,0.2042226891343918,0.1310746388879592,0.10970284282515376,0.06143893540264554,0.2985066075145329,0.23995574613069834,0.16312943095006144,0.21025776092511747,0.08708885959100844,0.11080003768045649,0.06957091874141157,0.14084916766368707,0.1892206658766523,0.054740724376678596,0.27850316787497975,-0.03757874834450896,0.115671174106194,0.04482929645312942,0.05857645859420731,0.41389074058361053,0.3313057035539973,0.10347867723420977,0.10805218871228939,0.021029930259903233,0.0867821523350275,0.22257614411279994,0.07835766619755215,0.9999999999999999,0.04319452235559453,-0.014941072306890754,0.10230548283428033,0.14006290540967736,0.0944827111460473,0.12331605751659144,0.16160381654143469,0.08685838500780195,0.12500827417057295,0.10320813588538312,0.27647166739061113,0.0022070629497631437,0.09150158761836569,0.25915475937223864,0.11339112738609354,0.14531078800777172,0.14494270364982484,-0.023352472875019258,0.14503195700844498,0.0695285848185947,0.1869056637271542,0.21844968320239053,0.16653030519379097,0.4012264090389485,0.12348613479225067,0.0851245326853641,0.12912242013963163,0.08789427231225022,0.14729938571622353,0.07537207397132563,0.06929858523815488,0.055669001477085034,0.22572854437327286,0.05590158643855344,0.018174041594008913
aurouxmcalc5,0.14775088069244077,0.15545136182916783,0.024927657818076633,0.2226274240885246,0.034688284089777054,0.17545021055198182,0.16337242504704017,0.15959589625841086,-0.005316608201912467,-0.03455252403650018,0.12382390447470112,0.14128011060081982,0.035292387130709965,0.04202305339210763,0.2180279649808158,0.14331391530062326,0.12822632768355943,0.31909398486032164,0.06904085533552207,0.12907336325435492,-0.10789356392124373,-0.06772141068730066,0.19418818683409442,0.37086181141638846,0.06594898169494397,0.06543158944845541,0.11511911908783136,0.14618335551892475,0.3669367836214549,0.17544154058419031,0.23193851274400878,0.2394409509285864,0.36233955280937297,0.12996562552025678,0.04319452235559453,1.0000000000000004,-0.05112730329236896,0.09010779882198226,-0.006059912413859284,-0.05537545868714963,0.3898825954701865,0.13415067584919982,0.18325849790984725,0.21564658579427134,0.14620497634308652,0.09538732914514582,0.16827099077695,0.1644254395816201,0.26149361870479043,0.2893566462997967,0.06431442475443225,0.21044199648698547,-0.06904952437804258,0.14220689355358987,0.12475857063250659,0.25832106401126037,0.11105200037489851,-0.06889280903877133,0.033291243744862815,0.08865880669068384,0.10820229267356321,0.21459915170747665,0.11049571513665497,0.25535175722145403,0.05841312809307207,0.18946417736072205,0.35241192821767076,0.14337871267026492,0.19143434234622755,0.073518862801743
strangLA4,0.16801016704468635,-0.09338479828710207,0.08381808719998335,0.17819659852872988,0.40537286534129574,0.44451517071251806,-0.04887772518068666,0.015196152116508498,0.038856528422761195,0.12729842497378077,0.1838661909171913,0.07905697867321569,0.1470425545857585,-0.04194172135844666,0.2555496588139129,0.1288944553066583,0.11931041473113474,0.10743228360843683,0.10785026341202435,0.05389849551636454,0.7284927756517314,0.007892742661900242,0.39581671141642183,0.19497425140813307,0.11788859286507325,0.641169361262759,0.12869228805273863,0.03315380405156902,0.04123005828646844,0.43617754386493907,0.07229931971734417,0.18005651988850604,0.10576130042575271,0.27501319355237425,-0.014941072306890754,-0.05112730329236896,0.9999999999999999,0.14071760183533077,0.044093196624158455,0.6911115141627381,0.11524529040321946,-0.0012518474039714162,0.09990451238958294,0.3289693486256924,0.013407973686551214,0.28521651920203667,0.3722822542790806,-0.0653837303237396,-0.014192782936842657,0.25927273072619333,-0.07047238071757427,0.09514533564005058,0.3341604479874317,-0.04721614529179116,-0.036574602175135563,0.2664793207856186,0.2472886176857054,0.0217488683345321,0.03662337850461462,0.0014155799477582663,0.5042111721684862,-0.024829411779034024,-0.02381173180347467,0.20759504171307258,0.1379466330261988,-0.04546994210379442,0.21281437370098732,0.17248949489249887,0.04737291508055319,0.7018910136761317
rigolletstats1,0.1350091194193009,0.10806023590587513,0.08337509087976648,0.011336439049767248,-0.022934119893469915,0.08465981051787154,-0.07206468749430163,0.39718043883039783,0.14545165758620432,0.06329015019146042,0.06828602449720689,0.18512844602161016,-0.01965238395542762,0.14415563950203458,0.14554558749929183,-0.025467082877319785,0.4185919333488197,0.23881159353274367,0.10264573555681406,0.37134760528521005,0.07265979717015912,0.03234446708691054,0.10413130673216377,0.07306902274518226,-0.004539991032296262,-0.07717320124779159,0.15462440492787474,0.1639970489841051,0.13762529817602184,0.10461419991133863,0.14922656154037486,0.20547352566037555,0.022259783858260548,0.029619483753114663,0.10230548283428033,0.09010779882198226,0.14071760183533077,1.0,0.018187083549837144,0.14874034414852996,0.18556688924391854,0.431846293164859,-0.033244737737833735,0.15837222144982496,0.34763920558367195,0.07651364157773832,-0.010667532192254862,0.2924790335223952,0.1037962223874605,-0.005755833450889755,0.21728713656148374,0.0033399384510900782,0.03697578775509326,0.21653721718665025,0.1909745327818175,0.09977810936186736,0.034728653457394745,0.1644138910128305,0.051718791424465324,0.07408712671441935,0.17926977570732885,0.5574941581428123,0.16368791479171277,0.07475746863331274,0.07978096682549253,0.30385099748488714,0.12476958373886174,-0.05677624563268229,0.11716163916057702,0.03950825938314968
manningnlp10,0.10530541287403557,0.3428637215835346,0.24719292356036998,0.10225407702513171,0.08778081735376808,0.012546713520783412,0.09383767109328539,0.20162557423905123,0.13635008094651888,0.09529624802981294,0.07771812273634048,0.1870930626003109,0.08506800924942574,-0.04140603945994483,0.031280416431224686,0.024071597142498926,0.10968939786373312,0.22077442057227353,0.013333583074370887,0.10765498359869316,0.1282483254844648,0.13369831586971473,0.09005095981751626,0.021194807722029675,0.014228085308143009,0.048105312916245,-0.07224410587882127,0.1898194976899918,0.059519911391717174,-0.08616818680234982,0.15643038741238272,0.03082676806859491,0.09457397672938861,0.5507078668432395,0.14006290540967736,-0.006059912413859284,0.044093196624158455,0.018187083549837144,1.0000000000000004,0.030557536810910585,0.07645499654275394,0.11903487130158869,-0.01986332181626467,0.160523621097866,0.09826252068252037,0.2021555220975096,0.01725728174228075,-0.028159068771619458,-0.058789320120869425,0.05641339559460895,0.0754867734436538,-0.0032810693215825425,0.14746977295152378,0.09920824200719221,0.22384235588381451,-0.003579872016731058,0.129380238298721,0.039620704624095414,0.060651704638593186,0.02627165297933981,0.08776584086140965,0.027333624770624263,0.17908542435377206,0.08241395580438449,0.06111633766996575,0.032327494233522734,0.01573408667158803,0.20943003947254032,0.3230034370940959,0.10864413182339132
strangLA5,0.15548585573070178,-0.04742532078251452,-0.002186334507620782,0.1397869315727405,0.37477339181009,0.4632643611889658,0.002119538197139089,-0.04753091668526233,0.06918957452450918,0.049721635016161024,0.16361828190218083,0.13728663861297086,0.10337435315479063,-0.08631836953838573,0.07731481672356483,-0.025159410131539557,0.12228297860040827,0.0881652997883996,0.17654397126891097,0.1244315179697414,0.5554106661503023,-0.0280818789074757,0.3033131511525551,0.024309755048640826,-0.07597732768292267,0.54717997873476,0.0909161005826053,-0.024009203164621386,0.04090814015548712,0.5621239559200095,-0.02020595788568325,0.13518415645039028,0.19546571482711825,0.1966803481972835,0.0944827111460473,-0.05537545868714963,0.6911115141627381,0.14874034414852996,0.030557536810910585,0.9999999999999999,0.0777319003113385,0.0788231381131213,-0.05105565202110187,0.18863190350460296,0.08240679216138061,0.35248517525160233,0.25339264018613306,-0.017595621978917987,-0.045664581703254076,0.16999556201488863,0.06701971634484302,0.07669937699787548,0.24607115496000626,-0.0012922914600432852,0.015353792486731131,0.5057348032340766,0.2612969007691729,-0.021542388679370802,0.25434112140815535,-0.09023612416214953,0.5553487024801589,0.1418843675275879,0.034597597294519306,0.20144156841253275,-0.025912133308039872,0.06377126458452695,0.16044981329252136,0.17475498978847295,0.10752373042745557,0.6160796413348206
jerisoncalc1,0.1689610686803947,0.14014372514214327,0.16859884362709218,0.2843327054905678,0.011260443972975901,-0.037278862966510944,-0.06428268030496047,0.044880585616678355,0.0871198628478173,-0.022636703212894526,0.006892537629545998,0.253154520913005,0.021216684629066552,-0.0011051908133285658,0.44638254863527493,0.03242425108344532,0.059273415558532126,0.5675690155211388,0.1090735050478971,0.008727729817712315,0.07448996142287423,0.23930890133603172,0.15811183366371706,0.6593689342486697,-0.0018052781063453735,0.10786989705596566,0.2962151701217204,0.21296935817677695,0.6433432108768432,-0.055073606599718564,0.2716084832481541,0.39409395940194414,0.27434856917876793,0.06266939266307066,0.12331605751659144,0.3898825954701865,0.11524529040321946,0.18556688924391854,0.07645499654275394,0.0777319003113385,1.0000000000000002,0.1583312889539406,0.0498453900735022,0.4447316458392227,0.07820077173764753,0.26344163933207637,0.11850742116173123,0.05675402469971929,0.27342195965064686,0.3226479825079868,0.012971710536916847,-0.017576706703859277,0.0069883161819398725,0.1670950116965337,0.09679277204157347,0.05848342920022185,0.17131845729585563,0.019763519903227316,0.18510549244725105,0.15465225859454065,0.18619201812342415,0.12544222886010026,0.022383412873104577,0.17219877700209837,0.08564901603041523,0.0010972740992156447,0.5407695720030011,0.18315779174192345,0.10247275463335802,0.1960110540182428
rigolletstats8,0.1180954569558039,-0.025415726909643985,0.18319040540425013,0.03771111034377957,0.0020258432094671084,0.034107989829935556,0.007878344365584915,0.528900966538669,0.027412512826746862,0.10728257089834409,0.009252803378764182,0.08263872186776522,0.06368127888865367,-0.001968675140241663,0.19090930453144556,0.03475722105807389,0.18579381550235452,0.05639692166063598,0.16253374206807392,0.4790266960268425,0.06162668567076066,0.1752508606191013,0.058931735915675985,0.06397123199300149,0.043957261918689004,-0.06809488938320574,0.1452079739460269,0.17926158123424668,0.04312464772448287,-0.042266207900515405,0.14219016706832094,0.08987148787679271,0.1013141923280937,0.007938038763575057,0.16160381654143469,0.13415067584919982,-0.0012518474039714162,0.431846293164859,0.11903487130158869,0.0788231381131213,0.1583312889539406,1.0000000000000002,-0.006820723936991027,0.12665331688066017,0.4579700237229304,0.03647706395936108,-0.08874017481123601,0.40024987599829126,0.03949062204043114,0.050582700187346626,0.10191583057514646,0.06126966901947923,-0.00010631632754385885,0.14760243967578726,-0.007543235744852834,0.08135591414723735,-0.023898779336250252,0.2146785373960574,0.06353391966912551,0.06802148273492781,0.03275637981488318,0.4693439543754383,0.13774722377184848,-0.015326032119307357,0.17039390293522083,0.4117624598679497,0.04020460167606259,-0.06229835913319525,-0.07949893594154904,0.06987031820848855
demainedata15,0.11010298553768752,0.16261166422794024,0.05171493223587575,0.1525282193948378,0.005594024348788024,0.048795687725536434,0.5097524700155369,-0.03973807635255657,0.015941212672189096,0.36781806630412417,0.3377565277860978,0.07723914540219291,0.09656295722341399,0.007565482823041177,0.17244844224488057,0.5754645517436422,0.1536446203465964,0.00184276917733385,0.43671665346260186,-0.025553332796034205,0.038435912133625114,0.1696768303130184,0.0221898726494728,0.1720413314338689,0.47542875049618577,0.03553104523565041,0.16783145949133477,0.054598369093569805,-0.03508673621264908,0.056782479597616155,-0.03002672459694812,0.13722533186970137,-0.06566730033263991,-0.0702237971699978,0.08685838500780195,0.18325849790984725,0.09990451238958294,-0.033244737737833735,-0.01986332181626467,-0.05105565202110187,0.0498453900735022,-0.006820723936991027,1.0,0.04903030347630219,-0.07922222547978518,0.038235868928342555,0.01750210877885181,0.16789422071592325,0.04974013387037871,0.13905580304973336,-0.0052649622420081485,0.404539086179427,0.09625122345958777,-0.054511528181734596,0.1297789584694076,0.08055894696098784,0.06688011188130653,0.0939107098306502,0.03641614533059283,0.10166933399533114,0.029958992330526766,-0.003665953608301508,0.216498440496865,-0.003950657680017458,0.20646769931022674,0.08652599489797105,0.04027566502015079,0.043524950435571065,0.010342634191133624,0.09233880582662728
jerisonmillercalc4,0.18875613852495562,0.07449155058692171,0.13812921995481958,0.43345600549892244,0.2503859037523365,0.02367686988862376,-0.0647447047233358,0.2351196145887428,-0.036082968958513234,-0.0058235458373489596,0.15249995056235346,0.3222795405120894,0.052842497019847924,0.12080976699497833,0.2806847732804874,0.0346117274642675,0.10869451872529033,0.44351775301027946,0.01644903827373295,0.05013523915667038,0.3411418351551807,0.36540782688795514,0.24635229175467563,0.3493267837605445,-0.12293103628037598,0.19701196204414037,0.1819741902379391,0.15442527853066215,0.36862714063778423,0.10597330127310357,0.2525264717968962,0.2448262135213859,0.26563059475267004,0.295147914308175,0.12500827417057295,0.21564658579427134,0.3289693486256924,0.15837222144982496,0.160523621097866,0.18863190350460296,0.4447316458392227,0.12665331688066017,0.04903030347630219,1.0000000000000002,0.027783411106598346,0.5032081830583434,0.2631175032372621,0.08282849116487516,0.19606050018004006,0.416753784596896,0.02424804116635348,0.0188032278035461,0.2497105509006985,0.04783372128976523,0.07354320324787829,0.041547260939184635,0.38135232541712516,-0.02944457471317131,0.03094175888294375,0.1659972356505616,0.1131966774066195,0.03002901218009471,-0.0070349638031652235,0.35650731580393646,-0.0008261948619228699,0.06433388525320546,0.3440181795905908,0.3143147102416474,0.2973272897398785,0.34388228377123115
rigolletstat2,0.12959163788063277,0.019732193272186324,0.027947548170248183,-0.021840140952794282,0.15042534350837058,0.10545532234806113,0.06154775651900691,0.4385818062305198,0.1503511486365391,0.14505958149960332,0.032357575095341894,-0.00985000159446564,0.059448581381683484,0.174262691443887,0.12210290539944171,0.06735961270890733,0.32784151592317606,0.14583925460079986,0.08229737264064801,0.35565725542126925,0.08352024024880068,0.2207498171639796,0.11923241343318024,0.13975921051834422,-0.0438351713153688,0.09727611586927022,0.017693668580844587,0.06544462986735156,0.14109653264165387,-0.007050148877494897,0.14739311064520227,0.14442094407360231,-0.08328343662949904,0.07508283780889911,0.10320813588538312,0.14620497634308652,0.013407973686551214,0.34763920558367195,0.09826252068252037,0.08240679216138061,0.07820077173764753,0.4579700237229304,-0.07922222547978518,0.027783411106598346,0.9999999999999999,-0.03193368562772048,0.11870704567699622,0.3604827971334195,0.09918815690013105,0.06665499736609412,0.09321206026968755,0.08226108124006777,0.04523839093256072,0.18409357788940645,-0.00723619579066879,0.06642703011269735,-0.018773254886769314,0.12924261068794682,0.13794358030991688,0.10542407447152906,0.02663797489973303,0.6080891884319499,0.1817590464524428,0.10392050002444299,0.02144869952624103,0.43868629510599094,0.06864424247724774,0.06351229517783243,0.009893564259771942,0.16035926901153447
mattuckdifeq5,0.16814793200617165,-0.004954213936010585,0.15426137782082855,0.592930911942855,0.2389898388281063,0.05017679789919738,-0.059711888725768714,0.04574172676114753,0.02406841491006914,-0.019085995393038426,0.11138313097502807,0.217749878956338,0.04230736926796589,0.1112500757399807,0.1794614639988965,-0.020181707730925504,0.016523017127329197,0.220067717604313,0.046020691582283564,0.14218268479156154,0.14177886734229472,0.18584079872239692,0.033669884074846855,0.2257474436314733,-0.12337099416098125,0.18769527136005726,0.0695024495286927,0.18968718442659582,0.2270872138781939,0.12125155457042855,0.09120181372340817,0.07355789172853641,0.43457841073568576,0.17637423746795164,0.27647166739061113,0.09538732914514582,0.28521651920203667,0.07651364157773832,0.2021555220975096,0.35248517525160233,0.26344163933207637,0.03647706395936108,0.038235868928342555,0.5032081830583434,-0.03193368562772048,1.0000000000000002,0.08946033449579689,0.074822714123379,0.06312456066384364,0.5485914503494127,0.11302966157483037,0.10981523977040031,0.18563769343792405,0.059385897266623744,0.005997311779602672,0.11058887874540681,0.6978317709885734,0.13315042632743546,0.1139495523160019,0.05122824620774877,0.09312661806541958,0.06228971033815121,0.1407827595167307,0.6315383265498851,0.1251681469576154,-0.0039829335657360476,0.07035887460920376,0.6284689977285955,0.10527583289018035,0.17112499352403387
strangmeng10,0.15542173774296605,0.09109619764006528,0.04566614468041614,0.23997052591662313,0.5426066937633414,0.18506334570221175,0.06327910835997284,0.01341942238794841,0.022218935114966913,0.08136209372217051,0.035875006294673085,0.15515647382419823,-0.08928172503680859,0.16658707901537506,0.24533738283720502,0.04300579487942896,0.051538365702158105,0.22377451856267366,-0.038717557778257236,0.1477018601230055,0.578087496323637,-0.03438519318130207,0.49162956168602107,0.2842295428182727,0.061641153123953615,0.3063771344570621,0.125295077684164,0.04928310368854159,0.26804046668612447,0.2018069536462698,0.1982956366057601,0.17444763356060397,0.129148924164036,0.08810345105608873,0.0022070629497631437,0.16827099077695,0.3722822542790806,-0.010667532192254862,0.01725728174228075,0.25339264018613306,0.11850742116173123,-0.08874017481123601,0.01750210877885181,0.2631175032372621,0.11870704567699622,0.08946033449579689,1.0,-0.04809061834728734,0.1312536951253811,0.15794378326960828,0.022084933001057988,0.03896666413227922,0.554068623280462,0.13405556190780957,-0.02909367875179459,0.10144476579704169,0.3166133042860302,0.029746584181937076,0.10364001448120955,0.059083088300341015,0.32016540680296535,-0.028597594097134405,0.003392717753299119,0.3085723578411243,-0.09981223951047272,0.06755657570889662,0.32129946028108963,0.28096608448360827,0.09224341774084589,0.4176394522844027
rigolletstats5,0.11511184884245441,0.017895708197521534,0.09318996041615754,0.1767566262087192,0.021384737392201356,0.2028175116248134,-0.005124574070050163,0.34809585608123284,0.10998246086720054,0.08483646501046781,0.0356230003730951,0.0940673499030281,-0.018739212889785643,0.06529447210373827,0.07237590870402576,0.03908055585818373,0.43310329084774973,0.025768998705783513,0.029953537220105797,0.5282042716593495,-0.06946022015685929,0.051997340274005044,0.03915285382080585,0.012766588669812222,0.0983832983468713,0.030971724258191485,-0.040570985102924784,-0.0673030862481226,0.03534907494125577,0.07194545941965616,0.07342216818811421,0.001370790240919796,0.012054789932751936,0.07304456126423331,0.09150158761836569,0.1644254395816201,-0.0653837303237396,0.2924790335223952,-0.028159068771619458,-0.017595621978917987,0.05675402469971929,0.40024987599829126,0.16789422071592325,0.08282849116487516,0.3604827971334195,0.074822714123379,-0.04809061834728734,1.0000000000000004,0.07339592327839703,0.19499688177912458,0.13114620975493857,0.059024428490477975,0.12000155293036452,0.0351478114067589,0.12181098191900086,0.15241320696979913,0.051987323364779264,0.13166581552048293,-0.052061222743534134,0.27639768803804843,0.1497944803553601,0.5095633016613578,0.06845158117261511,0.06869295482769643,0.034374483569004466,0.5388043375652254,0.10138556173542541,-0.03362020544499687,0.0763548576598524,-0.07691081087949769
leighton15linearcs,0.14907907486652333,-0.013291370029938958,0.07689440172886015,0.13484969548555786,0.1368822522709849,0.3052409086877456,0.07596160406589211,0.043738081922534276,0.23689476566209278,0.17417769754771487,0.10959275923495267,0.21528633331937966,0.17765668891362424,0.41413829774502703,0.06465990160529479,0.15005742417832957,-0.015427765034384599,0.18786547305707216,0.2827833045461187,-0.05464101742275879,0.15406495585244037,0.45774081141641065,0.21031862743126756,0.24813950597360415,0.047070470324688356,0.045790073082854946,0.1796416055424847,0.006038216578974214,0.07691323143116631,0.2440769438629036,0.46571915501655925,0.027342570239547722,0.21500115833350986,-0.06561234692266021,0.25915475937223864,0.26149361870479043,-0.014192782936842657,0.1037962223874605,-0.058789320120869425,-0.045664581703254076,0.27342195965064686,0.03949062204043114,0.04974013387037871,0.19606050018004006,0.09918815690013105,0.06312456066384364,0.1312536951253811,0.07339592327839703,0.9999999999999999,0.11083763966429211,0.2406847684465565,0.059896821627293075,0.07051148253073232,0.24977708835422363,-0.08629099043683693,0.2296992290102312,0.1313235772736278,0.3317564193275066,0.12088912759981407,0.30994071303450876,0.11095614427997658,0.0978448183737024,0.17874902541317272,0.23434287252503624,0.1627227775527111,0.008279993260798348,0.19936932422284406,0.06141606385509203,-0.0568993336934673,0.07361072050767192
mattuckdifeq4,0.17525561306147894,0.0747716060432644,0.17891269446669672,0.6451267817003088,0.14638638551719646,0.12831483705130386,0.0710587498461102,0.007305235108579735,0.000980107678339797,-3.6500673084479834e-05,0.11224827260901626,0.24315381458665852,0.03802413629693332,-0.028693432115739666,0.3448055892232346,0.14290379523951036,-0.017697148786818995,0.1217453715245552,0.02246063618784172,0.14161588600824324,0.15601139002560438,0.17791995130483168,0.1787160808019946,0.3292237426614431,0.0019182925862460873,0.15766232329190608,0.12523801542018298,0.23255878372265243,0.19873751238308654,0.12758546964347842,0.055603108463236295,0.26929739843816103,0.3231143051807943,0.18381048000616387,0.11339112738609354,0.2893566462997967,0.25927273072619333,-0.005755833450889755,0.05641339559460895,0.16999556201488863,0.3226479825079868,0.050582700187346626,0.13905580304973336,0.416753784596896,0.06665499736609412,0.5485914503494127,0.15794378326960828,0.19499688177912458,0.11083763966429211,1.0000000000000004,0.01330962150401778,0.19210433125753876,0.07964904840800145,-0.04497601634915749,0.018415460349843357,0.1770605407088977,0.5195874148931066,0.18622893125290219,0.17954036917681185,-0.004995451720581789,0.17396683663781465,0.07048423542539113,0.06476179610322085,0.5918287833817809,0.020060529357332164,0.09602686291352762,0.23326345300450266,0.518400460909628,0.10789086179215918,0.11850690945219167
leighton21expect,0.11926180749000792,0.03397710823770618,0.13926308425004644,0.06262942085926566,0.024626435393530825,0.09525133182846525,0.0021879366766639585,0.12681396462945763,0.3782122161217583,0.056598201559345244,0.1136703544315258,0.15164585299410566,0.2523928228768307,0.4320543867518725,0.0541463392886483,0.0029206530963879814,0.05797767562684466,0.1456694214697785,-0.002139966578945963,0.01881389200368412,-0.050766749700475115,0.2470192662478024,0.057354124202747665,0.0002756981137990484,-0.04095550101657985,0.06624645687692493,0.07999622591073684,0.051106858225586894,0.016298232782760404,0.19771401524744125,0.3698201448986432,0.1781113692306647,0.22338449911422775,0.010098880989478207,0.14531078800777172,0.06431442475443225,-0.07047238071757427,0.21728713656148374,0.0754867734436538,0.06701971634484302,0.012971710536916847,0.10191583057514646,-0.0052649622420081485,0.02424804116635348,0.09321206026968755,0.11302966157483037,0.022084933001057988,0.13114620975493857,0.2406847684465565,0.01330962150401778,1.0000000000000007,-0.022461504033676274,0.024848167136628102,0.384436314833053,0.05365354231129934,0.28724984565940026,-0.02427544761190058,0.38841780974917833,-0.020138407910719518,0.5367206355979497,0.03107725160197506,0.15876417173802157,0.1954484687421835,0.09239261799207163,0.19823254916646746,0.04357753117747175,0.11861609822705031,-0.01797725851758574,0.06441467688700128,-0.0626313315581601
demainedata1,0.1167219924549693,0.01492939847611148,-0.01904611203990146,0.2646284113784788,-0.06432080342357402,0.04237498838588527,0.6122392065203257,0.12063115273391585,0.08372385892099095,0.3999542526759208,0.38077677834212353,0.04776853103379958,0.2835851164632572,0.007754822021662663,-0.04675171053046512,0.400208398770527,0.18919021378676135,-0.13858930615888782,0.4144031216473343,0.10346677416710164,-0.09701410427242925,0.14759164091305468,0.01741974612093781,0.033830062288385726,0.4954218313484723,0.04097867476890261,0.07512362872266826,0.1085556268602441,0.05127290879580589,0.038972955654571644,0.050648457949381165,0.004039096360596146,0.0601702146593197,-0.005218239741133762,0.14494270364982484,0.21044199648698547,0.09514533564005058,0.0033399384510900782,-0.0032810693215825425,0.07669937699787548,-0.017576706703859277,0.06126966901947923,0.404539086179427,0.0188032278035461,0.08226108124006777,0.10981523977040031,0.03896666413227922,0.059024428490477975,0.059896821627293075,0.19210433125753876,-0.022461504033676274,1.0000000000000002,-0.21968677592851327,0.06898427809456954,0.19106021243464616,0.006760280282760165,0.14770968035108856,0.06412486566466316,0.12227326589138868,0.07103725036456045,0.020463221916245364,0.0917046169167088,0.24240182583675998,0.10160305055752913,0.07413068703668987,0.19394157375008764,0.02855640313393225,0.025974969511246518,0.09914366907966578,0.09098419021148837
strangmeng6,0.13710717580282528,0.06069926234840836,0.11915060270049967,0.055651921004316256,0.7567645039554438,0.1714546438161257,-0.0038043724228570817,0.04723036361928212,0.04809207656548055,0.025619463491357644,0.05142480218883652,0.1280537613580482,-0.03400245409506643,0.1394504520145208,0.11129452761235407,-0.014269846961145662,0.2598297799897983,0.09474454089155532,0.054918429837973765,0.1520063807379753,0.5838905906612379,0.0835587268366402,0.583174502702515,0.14949637099804325,-0.019233453776026657,0.4769047795886257,-0.00230375260773779,0.08191104982612024,0.10694017445290299,0.16529952744372672,0.1653599367319682,0.11813093818312415,0.09512424991017132,0.06918390979734872,-0.023352472875019258,-0.06904952437804258,0.3341604479874317,0.03697578775509326,0.14746977295152378,0.24607115496000626,0.0069883161819398725,-0.00010631632754385885,0.09625122345958777,0.2497105509006985,0.04523839093256072,0.18563769343792405,0.554068623280462,0.12000155293036452,0.07051148253073232,0.07964904840800145,0.024848167136628102,-0.21968677592851327,1.0000000000000002,0.12182069568732413,-0.1195607709247969,0.2100152225392229,0.17165174942938766,0.09217233829275381,0.07149836291468319,0.014762117200851486,0.3799033383822211,-0.08791583690229357,-0.01605968659372037,0.11572576819864054,0.09331710139171713,0.06350009655507648,0.015475054780265745,0.19488317629404145,0.0500399061796524,0.32203298422451604
leighton19cprobcs,0.1606469769242129,0.17501574599629374,0.22893291586171724,0.1294255640412423,0.08453034788695372,0.015712539666402722,-0.022041277823837104,0.10754121301565746,0.6168439832821262,0.112681534152661,0.05469677680140303,0.18235484671090613,0.2176800571540045,0.36204488884822267,0.157149060107517,0.15667650620802706,0.03352590013662011,0.2037305422804983,0.07993010798661784,0.14748475972303107,0.06062683379131842,0.2520405504166075,0.14686152130697355,0.13845532627447163,-0.11459861041329655,0.1572717075763913,0.32125849404306206,0.06011052970183894,0.2008844701399779,0.05464955833086338,0.42195506099749897,0.2674106117226936,0.17410056517011663,-0.0011924484822104365,0.14503195700844498,0.14220689355358987,-0.04721614529179116,0.21653721718665025,0.09920824200719221,-0.0012922914600432852,0.1670950116965337,0.14760243967578726,-0.054511528181734596,0.04783372128976523,0.18409357788940645,0.059385897266623744,0.13405556190780957,0.0351478114067589,0.24977708835422363,-0.04497601634915749,0.384436314833053,0.06898427809456954,0.12182069568732413,1.0,0.05372160801616705,0.08911809614293617,0.2106948416149193,0.510570770557747,0.1598230724147057,0.3881622687778286,0.14766873160469776,0.14168931181198943,0.14257937969836917,0.1324805614472438,0.17322873968624591,0.0968909285311159,0.20460279055260028,0.1976522573009536,0.0931074097359662,0.10367973068982665
sochernlp5,0.07399752118768763,0.680271547053799,0.007913793306977501,-0.06320735900073667,-0.021726719387737976,-0.08452219666870261,0.058109845896482035,0.03954736541107371,0.08027746272423673,0.14632484718712788,0.12881276509733772,0.09038407844615266,0.009545435558390271,0.07816189833570941,0.0791993735270407,0.04732536250527822,0.10236202997693303,0.08344567481310003,0.07567270414466998,0.08709697238005247,-0.07405634410625175,0.05520382441991499,-0.03768448732126294,-0.020955471493843098,0.10350009212818545,0.0260582178569226,-0.1099402363484326,0.184008707941046,0.0843892359234295,-0.048895645650116885,-0.047285854142382816,0.04545490505536229,-0.014672474719230175,0.2656280755943597,0.0695285848185947,0.12475857063250659,-0.036574602175135563,0.1909745327818175,0.22384235588381451,0.015353792486731131,0.09679277204157347,-0.007543235744852834,0.1297789584694076,0.07354320324787829,-0.00723619579066879,0.005997311779602672,-0.02909367875179459,0.12181098191900086,-0.08629099043683693,0.018415460349843357,0.05365354231129934,0.19106021243464616,-0.1195607709247969,0.05372160801616705,1.0000000000000002,-0.07612569094978613,0.0597112065779086,-0.03591537210141928,-0.012983379680981871,0.11031603083904765,0.056452289311177885,0.06002073058630268,0.1146044441409694,-0.040153173234753044,0.061481015987446305,0.08537554307255522,0.12988607705727145,-0.08290131347547874,0.5098031980653712,0.04757751596113274
strangLA9,0.15125321375239736,-0.041218856328672726,0.22957434411351174,0.02580744522459208,0.29235764943681947,0.7145451174196336,0.005970892337652361,-0.001184222727596609,0.11869032865891685,0.07212174606721343,0.1841104189809349,0.20446936808859958,0.17064453787577766,0.03234679135753706,0.09037919554749098,0.11778803628595097,0.1553139125328665,0.022269039747384478,0.05651252394719565,0.09696446132191576,0.2690349950202805,-0.03303883095727919,0.24148705451696262,-0.018464516283954797,-0.04260945885469422,0.47711662536255633,0.17315935010999017,0.04025632088920344,0.0635580618014062,0.7262199888810159,0.11218465540770498,0.007561519753514688,0.1778242430430775,0.023796234486836577,0.1869056637271542,0.25832106401126037,0.2664793207856186,0.09977810936186736,-0.003579872016731058,0.5057348032340766,0.05848342920022185,0.08135591414723735,0.08055894696098784,0.041547260939184635,0.06642703011269735,0.11058887874540681,0.10144476579704169,0.15241320696979913,0.2296992290102312,0.1770605407088977,0.28724984565940026,0.006760280282760165,0.2100152225392229,0.08911809614293617,-0.07612569094978613,0.9999999999999999,-0.034016643425688504,0.18704251071979,0.1516379537057055,0.022625928124241808,0.5906853275604096,0.16516312036196462,0.056738307478053765,0.09589778062529741,0.06310079377752811,0.028514354686399044,0.02596681821983539,-0.08245619008100562,0.00711197923708514,0.46267468949197466
mattuckdifeq8,0.16422701124686104,0.08083347255163537,0.1283813745371188,0.6942051310996331,0.1676131514154552,0.005226836927496172,0.07269872686897642,-0.0939800090218342,0.10313586142467633,-0.0014002770895766752,0.04411224840038685,0.22846101688474776,0.02660764375762575,0.02541619037347021,0.16479546995397623,0.0632804553445739,-0.09604275414820038,0.2050719828710147,0.15304842055767143,0.13315506579442815,0.2673675729870567,0.10883641458270235,0.09705761080593914,0.23847425928276325,-0.025085571774368827,0.15672884746748691,0.0378453880253268,0.07213942509784978,0.20106181677388255,0.06659510135100362,0.1372296186372464,0.11646964380290392,0.3481141161199439,0.2032517559842651,0.21844968320239053,0.11105200037489851,0.2472886176857054,0.034728653457394745,0.129380238298721,0.2612969007691729,0.17131845729585563,-0.023898779336250252,0.06688011188130653,0.38135232541712516,-0.018773254886769314,0.6978317709885734,0.3166133042860302,0.051987323364779264,0.1313235772736278,0.5195874148931066,-0.02427544761190058,0.14770968035108856,0.17165174942938766,0.2106948416149193,0.0597112065779086,-0.034016643425688504,1.0,0.14307050119543085,-0.020699789227371958,0.1281505230233941,0.12045570746144123,-0.011052387867544698,0.08340045315101326,0.6424637616142241,0.044272782194791076,0.15223027778787843,0.1829351831067798,0.7598816471266012,0.03316182303116034,0.11479355388695275
leighton20indcs,0.1285228073583281,0.03369927308024595,0.24961076208663588,0.11105886971018822,0.08545166474592883,0.15271431421091813,0.13893661650286784,0.024928358974248423,0.3998029325878329,0.002481738921331872,0.09475423630378012,0.07158802279316602,0.19079063347254824,0.40231276168529473,0.08823087847113434,0.04654079836517578,0.007337466518147814,0.09273080343041183,0.16019458813358245,0.0537602953039067,0.0843697577048463,0.24816866937890159,-0.10909201132898098,0.21375257594638705,0.16069435767715684,0.16836004096366836,0.1371173986323859,0.015818799230250324,-0.08449708404411099,0.1821678410941974,0.2647453739013014,-0.0048783311225797195,0.007830621640192707,-0.10811076891905823,0.16653030519379097,-0.06889280903877133,0.0217488683345321,0.1644138910128305,0.039620704624095414,-0.021542388679370802,0.019763519903227316,0.2146785373960574,0.0939107098306502,-0.02944457471317131,0.12924261068794682,0.13315042632743546,0.029746584181937076,0.13166581552048293,0.3317564193275066,0.18622893125290219,0.38841780974917833,0.06412486566466316,0.09217233829275381,0.510570770557747,-0.03591537210141928,0.18704251071979,0.14307050119543085,1.0,0.09696104507443404,0.21403866639808583,0.1586938495644494,0.03961061947324907,0.21355054394659811,0.22092581634295078,0.22995706905948735,0.09040131388785175,0.006870332883425899,0.10446563656181879,-0.06304981877885049,0.08021540201900729
winstonai4,0.13942895252570364,0.07329721036736181,0.43138488242152057,0.034535928622566464,0.2104826318595412,0.07246876562720694,0.1991546704229117,-0.024012318977769086,0.2630497942169293,0.213846829504183,0.06535159206242351,0.18487616498422363,0.15006694066064993,0.126655677378993,0.11734243864161852,0.08981646401111108,0.0273015067118231,0.14896609959527482,0.19843904783397454,0.08439854070432172,0.15934886540776913,0.13170980077146124,0.16508068639346352,0.10399540317764482,0.09368763308588256,-0.033755743814323245,0.5866138948652111,0.46281851659419804,0.14288173538187063,0.06410219107076746,-0.059930536461658426,0.11468976004075222,0.12258383392447487,0.1275419140218522,0.4012264090389485,0.033291243744862815,0.03662337850461462,0.051718791424465324,0.060651704638593186,0.25434112140815535,0.18510549244725105,0.06353391966912551,0.03641614533059283,0.03094175888294375,0.13794358030991688,0.1139495523160019,0.10364001448120955,-0.052061222743534134,0.12088912759981407,0.17954036917681185,-0.020138407910719518,0.12227326589138868,0.07149836291468319,0.1598230724147057,-0.012983379680981871,0.1516379537057055,-0.020699789227371958,0.09696104507443404,1.0000000000000002,-0.0022158371469105822,0.13116843861092087,0.10890123147293913,0.2374068445149699,0.14980740616106478,0.11451605747389809,0.06049975335975922,0.12261390451403076,0.18214088300299064,0.12494225657897465,0.2359024552110662
leighton13sumsasym,0.14360244088470242,0.046382735286535234,0.2345666255752767,0.19010342440420985,-0.021700524823343607,0.06558198841064701,0.0628583375977886,0.14019230838862431,0.35237920978048026,0.1954370513097374,0.1416376805152349,0.15023243881324796,0.333245621844199,0.29788091984864296,0.0384083766448697,0.1540498304050325,-0.000980083303039987,0.15965843691270382,0.0980028876969786,0.05731663998968827,0.061602541540178364,0.4753279795009593,0.08490880916922114,-0.009198793337682427,0.17936813924312808,0.1747584031381559,0.18808157645505671,0.12891861563385185,0.17380967269831235,0.11397412294651349,0.43879239544002324,0.11095993227013216,0.13785603532914267,0.045144842434909786,0.12348613479225067,0.08865880669068384,0.0014155799477582663,0.07408712671441935,0.02627165297933981,-0.09023612416214953,0.15465225859454065,0.06802148273492781,0.10166933399533114,0.1659972356505616,0.10542407447152906,0.05122824620774877,0.059083088300341015,0.27639768803804843,0.30994071303450876,-0.004995451720581789,0.5367206355979497,0.07103725036456045,0.014762117200851486,0.3881622687778286,0.11031603083904765,0.022625928124241808,0.1281505230233941,0.21403866639808583,-0.0022158371469105822,1.0000000000000004,-0.1459491404527418,0.14445179778414546,0.16661887327081504,0.0923806823816172,0.17962678398690363,0.04924600680970861,0.2701815918970763,0.1145452604771087,0.1408144437352983,-0.09760548605318727
strangLA1,0.17924877112695584,0.08710128443831058,0.2038425100831764,0.1133160741831208,0.4015127067701525,0.6632792228298425,0.016779903718296588,-0.11992581864284536,0.2557837034102726,0.11515503166995104,0.20180815785850711,0.0964617909593613,-0.08153837066299066,0.023409946301516667,0.1879937276727242,0.07776578746268452,0.21842764061024925,0.1820051434679733,0.11374148826776613,0.10131012557733235,0.5127367983859018,-0.06262892998707116,0.43290822878006424,0.15073186181984563,0.0073141609299489894,0.5858455627734647,0.09216228136930767,0.00482836262599246,0.033853283966622225,0.4801081707586059,0.19051233325917355,0.015705606873576892,0.18470642465824474,0.1691182757649156,0.0851245326853641,0.10820229267356321,0.5042111721684862,0.17926977570732885,0.08776584086140965,0.5553487024801589,0.18619201812342415,0.03275637981488318,0.029958992330526766,0.1131966774066195,0.02663797489973303,0.09312661806541958,0.32016540680296535,0.1497944803553601,0.11095614427997658,0.17396683663781465,0.03107725160197506,0.020463221916245364,0.3799033383822211,0.14766873160469776,0.056452289311177885,0.5906853275604096,0.12045570746144123,0.1586938495644494,0.13116843861092087,-0.1459491404527418,1.0000000000000009,0.1209375670723617,0.04065115247003967,0.1651441100169373,0.03687265139627149,0.1286317596903804,0.16467587650432644,0.11660741244642474,0.06819171277349871,0.6230276265818837
rigolletstats3,0.13374799031829065,0.03427314381611367,0.06828661500645603,0.15009816111656393,-0.051008874430336235,0.18316464474453006,0.03975215092132945,0.4155190813890317,0.15240775103589768,0.11049515118732278,0.15330461296827885,0.13388564301090755,0.10804217873549915,0.0321201088327336,0.10914321988041202,0.023766960613717962,0.2948453754295394,0.054979471584021,0.07734093396848471,0.5028967128495809,-0.16922111945928536,0.13571329846340302,-0.0174143464493771,0.11297069618733177,0.042199519490146206,-0.07735236768851046,0.027838373535971284,0.08501927710193652,0.09640831326450197,0.06584652237042406,0.08161178363804834,0.10490958910333882,0.07004915110300323,0.05469443147414917,0.12912242013963163,0.21459915170747665,-0.024829411779034024,0.5574941581428123,0.027333624770624263,0.1418843675275879,0.12544222886010026,0.4693439543754383,-0.003665953608301508,0.03002901218009471,0.6080891884319499,0.06228971033815121,-0.028597594097134405,0.5095633016613578,0.0978448183737024,0.07048423542539113,0.15876417173802157,0.0917046169167088,-0.08791583690229357,0.14168931181198943,0.06002073058630268,0.16516312036196462,-0.011052387867544698,0.03961061947324907,0.10890123147293913,0.14445179778414546,0.1209375670723617,1.0,0.19260323376656102,0.01432322248569924,0.016597876881117794,0.5511627463834785,0.17721103931693097,0.03664054998295638,0.05871710952829967,0.05606723392415116
devadasalgos5,0.14112380416597908,0.06561459306137175,0.11345794201802065,0.16934832958630547,0.024770655361801647,0.1428331875943884,0.37381040648274877,0.30468202122646115,0.30439417746835934,0.28958551153404843,0.29342322591817765,0.13649808003278704,0.08122804141552245,0.08434606184624464,0.13916137636098733,0.25349752345419374,0.237806529261419,0.28358453808897055,0.48329270639492317,0.024718284005191993,-0.008459470994525512,0.2565490514348355,-0.020453515609246097,-0.018182583790363967,0.16690043604611265,-0.1249551685689495,-0.016053822190058745,0.04619974266340759,-0.0041262348541232265,-0.04489058207494633,0.06101097402822255,0.11084713404321012,0.0924477211043434,0.01183132964668912,0.08789427231225022,0.11049571513665497,-0.02381173180347467,0.16368791479171277,0.17908542435377206,0.034597597294519306,0.022383412873104577,0.13774722377184848,0.216498440496865,-0.0070349638031652235,0.1817590464524428,0.1407827595167307,0.003392717753299119,0.06845158117261511,0.17874902541317272,0.06476179610322085,0.1954484687421835,0.24240182583675998,-0.01605968659372037,0.14257937969836917,0.1146044441409694,0.056738307478053765,0.08340045315101326,0.21355054394659811,0.2374068445149699,0.16661887327081504,0.04065115247003967,0.19260323376656102,1.0000000000000002,0.12163573714174915,0.5990731440837735,0.0552222217157071,0.21628042096491648,0.08413532019000296,0.061643471073616306,0.05544989802807968
mattuckdifeq9,0.16922964176544059,-0.0007048730412223082,0.020314824440011557,0.672614818566909,0.24225881289936613,0.15653809957909678,-0.03068933716970361,-0.029286280513514763,0.2216898292121559,-0.056960123140618386,-0.052876930995518025,0.0775586748457837,0.12360437262345526,0.2494005363710554,0.15968949110224695,0.04840293447849329,-0.048552798000017536,0.23662731266865045,-0.07273162698698506,0.025604034352331623,0.19171317818573233,0.136980326041534,0.20379140956700356,0.2612708431307615,-0.05281771509771397,0.16866221733423992,0.07533381539071693,0.13604996705093125,0.1032584075503212,0.1282149329345688,0.11430091494026494,0.11896127773463436,0.47489490212381247,0.17660367717520614,0.14729938571622353,0.25535175722145403,0.20759504171307258,0.07475746863331274,0.08241395580438449,0.20144156841253275,0.17219877700209837,-0.015326032119307357,-0.003950657680017458,0.35650731580393646,0.10392050002444299,0.6315383265498851,0.3085723578411243,0.06869295482769643,0.23434287252503624,0.5918287833817809,0.09239261799207163,0.10160305055752913,0.11572576819864054,0.1324805614472438,-0.040153173234753044,0.09589778062529741,0.6424637616142241,0.22092581634295078,0.14980740616106478,0.0923806823816172,0.1651441100169373,0.01432322248569924,0.12163573714174915,1.0000000000000002,-0.04645090929050102,0.04688022171149365,0.2166527951357569,0.6923623540130838,0.06376610368065122,0.2021030738229999
devadasalgos4,0.125886667757617,0.043488454907818844,0.20887606234327302,-0.051722227895684036,0.024086165401998677,0.07990068239028922,0.133176909081156,0.16766131324853883,0.2632954965463205,0.33067748586190077,0.23136793280821988,0.04159233026149786,0.17749170165024591,0.1269358582016108,0.14977275148902197,0.4025280117668567,0.09644810545524199,0.14374866701881578,0.44386575606471895,0.0595305084317356,0.05247284086664781,0.2106747936459378,-0.10817066712840491,0.06882086092148905,0.30579747797011625,0.05298252468524553,0.06405179544709973,0.1660113341270481,0.2381366872341108,0.024147838293539583,0.14220089651734533,0.04829547057565655,0.03704520154871588,0.08301774300456938,0.07537207397132563,0.05841312809307207,0.1379466330261988,0.07978096682549253,0.06111633766996575,-0.025912133308039872,0.08564901603041523,0.17039390293522083,0.20646769931022674,-0.0008261948619228699,0.02144869952624103,0.1251681469576154,-0.09981223951047272,0.034374483569004466,0.1627227775527111,0.020060529357332164,0.19823254916646746,0.07413068703668987,0.09331710139171713,0.17322873968624591,0.061481015987446305,0.06310079377752811,0.044272782194791076,0.22995706905948735,0.11451605747389809,0.17962678398690363,0.03687265139627149,0.016597876881117794,0.5990731440837735,-0.04645090929050102,1.0000000000000007,0.016537530571406948,0.18805687612464864,-0.02303322168798942,0.029140766038952236,0.06695119150963362
rigolletstats21,0.12710160558308098,-0.029893142455250595,0.16907542810994594,0.17095861482662622,-0.055264861466314055,0.08898781404524134,0.25014197834076846,0.3282143197762513,0.10540660635393899,0.13763033090837104,0.11204178258642448,0.1352651846975513,0.15436542546578647,0.007325874288896267,0.11418182080288014,0.04669290714357604,0.30634255334207766,0.03947951123889075,0.21717166512725666,0.5348787607502935,-0.10403352461705236,0.029099736141017712,0.044962251047625565,0.08469957163749568,0.2602141275020311,-0.10887507968415505,0.028619667151416586,0.14882889046295955,0.05236649304273475,-0.041913751188994326,-0.008548079168363351,0.11731770463211112,0.09540067013395288,0.09834122066565404,0.06929858523815488,0.18946417736072205,-0.04546994210379442,0.30385099748488714,0.032327494233522734,0.06377126458452695,0.0010972740992156447,0.4117624598679497,0.08652599489797105,0.06433388525320546,0.43868629510599094,-0.0039829335657360476,0.06755657570889662,0.5388043375652254,0.008279993260798348,0.09602686291352762,0.04357753117747175,0.19394157375008764,0.06350009655507648,0.0968909285311159,0.08537554307255522,0.028514354686399044,0.15223027778787843,0.09040131388785175,0.06049975335975922,0.04924600680970861,0.1286317596903804,0.5511627463834785,0.0552222217157071,0.04688022171149365,0.016537530571406948,1.0000000000000002,0.19879729296122775,0.0819601747361429,-0.03098325103519327,0.005808915333328995
jerisoncalc10,0.18109405532242281,0.05465353103951426,0.17600324431785047,0.28913227649485146,0.07825837172172258,0.0839548049956311,0.12215375245034651,0.13739876648708663,0.22058360453167697,0.014035494378599425,0.03914342352363695,0.28731393827071433,0.029996581955608368,-0.05463050089183536,0.5717404073830422,0.10213557440861053,0.06895922876899785,0.4957043074413005,0.07967312113123068,0.11967196309700315,0.1462942622962731,0.08067254747203358,0.228538118690638,0.45275750939021364,0.1391589223685791,0.07365741252618857,0.2091353269854689,0.06918868359003809,0.560927626845959,0.007024600339537386,0.1649292245880645,0.6288247393237095,0.17349660621317237,0.0304317406763565,0.055669001477085034,0.35241192821767076,0.21281437370098732,0.12476958373886174,0.01573408667158803,0.16044981329252136,0.5407695720030011,0.04020460167606259,0.04027566502015079,0.3440181795905908,0.06864424247724774,0.07035887460920376,0.32129946028108963,0.10138556173542541,0.19936932422284406,0.23326345300450266,0.11861609822705031,0.02855640313393225,0.015475054780265745,0.20460279055260028,0.12988607705727145,0.02596681821983539,0.1829351831067798,0.006870332883425899,0.12261390451403076,0.2701815918970763,0.16467587650432644,0.17721103931693097,0.21628042096491648,0.2166527951357569,0.18805687612464864,0.19879729296122775,1.0000000000000007,0.1685966860816225,0.17695305498417196,0.12020458627065325
mattuckdifeq7,0.15879327161466816,-5.240084380348614e-05,0.1988467557105846,0.62273582632499,0.21221105464256423,-0.012500010132567418,0.1514926566735658,-0.09494595216555919,0.14479427427140637,0.02573416642761432,0.10656944185124403,0.07123173205746615,0.008281754081675287,0.16078256527439566,0.22680574534842504,0.09468372529499273,-0.13113863622307217,0.17215550266782373,0.036704888583926946,0.06420236635922863,0.21077596513517113,0.14642205104729572,0.08245021799665445,0.2872832921920596,-0.0164124069215405,0.1686081423712418,0.14752255572606165,0.15639186365912716,0.17862952062364748,-0.0032508498109001475,0.14930544094600484,0.1846606967089358,0.42140773713185814,0.23881346498397932,0.22572854437327286,0.14337871267026492,0.17248949489249887,-0.05677624563268229,0.20943003947254032,0.17475498978847295,0.18315779174192345,-0.06229835913319525,0.043524950435571065,0.3143147102416474,0.06351229517783243,0.6284689977285955,0.28096608448360827,-0.03362020544499687,0.06141606385509203,0.518400460909628,-0.01797725851758574,0.025974969511246518,0.19488317629404145,0.1976522573009536,-0.08290131347547874,-0.08245619008100562,0.7598816471266012,0.10446563656181879,0.18214088300299064,0.1145452604771087,0.11660741244642474,0.03664054998295638,0.08413532019000296,0.6923623540130838,-0.02303322168798942,0.0819601747361429,0.1685966860816225,1.0000000000000004,-0.00030576763430377696,0.1255116915289001
sochernlp3,0.08642839627245605,0.5545707964366914,0.015378466970859882,-0.04779408873265832,0.08982742063113558,-0.09102882982386712,-0.06617130232366412,0.043511769156224886,0.010139430048124978,0.13335850147212092,0.1807027405494743,0.18490061942458433,-0.04379924414727272,-0.003458500412382705,-0.0841070877532046,0.03909120781504887,0.16491826672995505,0.09041647272359525,0.01396110277307784,-0.06249285140230338,0.03416089341526088,0.04939885322541048,0.011283153543384805,-0.08958427310907212,-0.016631568551150187,0.1022541051752977,-0.05339448308920043,0.09636475464137707,0.20695586147865142,0.08127436438185369,-0.015576679215191359,0.11394481780451535,-0.16735564742649872,0.4834076218876421,0.05590158643855344,0.19143434234622755,0.04737291508055319,0.11716163916057702,0.3230034370940959,0.10752373042745557,0.10247275463335802,-0.07949893594154904,0.010342634191133624,0.2973272897398785,0.009893564259771942,0.10527583289018035,0.09224341774084589,0.0763548576598524,-0.0568993336934673,0.10789086179215918,0.06441467688700128,0.09914366907966578,0.0500399061796524,0.0931074097359662,0.5098031980653712,0.00711197923708514,0.03316182303116034,-0.06304981877885049,0.12494225657897465,0.1408144437352983,0.06819171277349871,0.05871710952829967,0.061643471073616306,0.06376610368065122,0.029140766038952236,-0.03098325103519327,0.17695305498417196,-0.00030576763430377696,1.0000000000000002,0.010719341521002183
strangLA2,0.186947933480682,0.004636957692974828,0.19230477209499283,0.13648363255905216,0.4479833580913565,0.5061010623536262,-0.015814348482346474,-0.0479225078534024,0.1863148364193906,0.17667826353040997,0.20896651795400828,0.0690932358908,0.0668306775090257,0.06020412941166615,0.21616016318717973,0.15708324515863306,0.05452192594185299,0.24953554146414214,0.14825684407762718,-0.052374614568903806,0.6269007752625846,-0.003921133248709838,0.4011221258328952,0.2700578367736269,-0.008833490328784771,0.6334633348367613,0.22338063490208393,0.09692710000719128,0.044963051341959444,0.5164910135410395,0.1109073381847826,0.03953851653991327,0.2504083325179467,0.2452420726282624,0.018174041594008913,0.073518862801743,0.7018910136761317,0.03950825938314968,0.10864413182339132,0.6160796413348206,0.1960110540182428,0.06987031820848855,0.09233880582662728,0.34388228377123115,0.16035926901153447,0.17112499352403387,0.4176394522844027,-0.07691081087949769,0.07361072050767192,0.11850690945219167,-0.0626313315581601,0.09098419021148837,0.32203298422451604,0.10367973068982665,0.04757751596113274,0.46267468949197466,0.11479355388695275,0.08021540201900729,0.2359024552110662,-0.09760548605318727,0.6230276265818837,0.05606723392415116,0.05544989802807968,0.2021030738229999,0.06695119150963362,0.005808915333328995,0.12020458627065325,0.1255116915289001,0.010719341521002183,1.0000000000000002
